name,runs,NumberOfInstances,NumberOfFeatures,NumberOfClasses,NumberOfMissingValues,NumberOfNumericFeatures,NumberOfInstancesWithMissingValues,MaxMeansOfNumericAtts,Quartile3SkewnessOfNumericAtts,NumberOfSymbolicFeatures,MinAttributeEntropy,Quartile3AttributeEntropy,Quartile1MutualInformation,MinMeansOfNumericAtts,MinNominalAttDistinctValues,MaxMutualInformation,MinKurtosisOfNumericAtts,MinStdDevOfNumericAtts,MeanAttributeEntropy,PercentageOfSymbolicFeatures,MeanSkewnessOfNumericAtts,Dimensionality,Quartile3MutualInformation,Quartile2KurtosisOfNumericAtts,MinSkewnessOfNumericAtts,AutoCorrelation,MaxSkewnessOfNumericAtts,MinorityClassPercentage,Quartile1KurtosisOfNumericAtts,PercentageOfBinaryFeatures,Quartile1AttributeEntropy,MaxNominalAttDistinctValues,MajorityClassPercentage,PercentageOfInstancesWithMissingValues,Quartile1MeansOfNumericAtts,MaxAttributeEntropy,MeanMeansOfNumericAtts,Quartile3KurtosisOfNumericAtts,MinMutualInformation,Quartile3MeansOfNumericAtts,Quartile2MeansOfNumericAtts,Quartile2AttributeEntropy,Quartile1SkewnessOfNumericAtts,StdvNominalAttDistinctValues,Quartile1StdDevOfNumericAtts,MeanKurtosisOfNumericAtts,MajorityClassSize,MinorityClassSize,EquivalentNumberOfAtts,Quartile2StdDevOfNumericAtts,Quartile3StdDevOfNumericAtts,MeanMutualInformation,PercentageOfMissingValues,MaxStdDevOfNumericAtts,Quartile2MutualInformation,MeanStdDevOfNumericAtts,Quartile2SkewnessOfNumericAtts,PercentageOfNumericFeatures,ClassEntropy,MeanNoiseToSignalRatio,NumberOfBinaryFeatures,MeanNominalAttDistinctValues,MaxKurtosisOfNumericAtts,CfsSubsetEval_NaiveBayesErrRate,NaiveBayesErrRate,RandomTreeDepth2AUC,RandomTreeDepth3Kappa,REPTreeDepth2AUC,J48.001.ErrRate,CfsSubsetEval_DecisionStumpKappa,J48.0001.ErrRate,J48.00001.Kappa,RandomTreeDepth2ErrRate,REPTreeDepth2ErrRate,CfsSubsetEval_NaiveBayesKappa,RandomTreeDepth2Kappa,RandomTreeDepth3ErrRate,REPTreeDepth1AUC,REPTreeDepth1ErrRate,REPTreeDepth2Kappa,NaiveBayesKappa,CfsSubsetEval_NaiveBayesAUC,REPTreeDepth3Kappa,kNN1NAUC,J48.001.Kappa,DecisionStumpErrRate,DecisionStumpAUC,J48.00001.AUC,REPTreeDepth1Kappa,RandomTreeDepth3AUC,REPTreeDepth3AUC,J48.0001.Kappa,CfsSubsetEval_DecisionStumpErrRate,J48.00001.ErrRate,RandomTreeDepth1Kappa,RandomTreeDepth1AUC,CfsSubsetEval_kNN1NErrRate,DecisionStumpKappa,kNN1NErrRate,kNN1NKappa,J48.001.AUC,CfsSubsetEval_kNN1NAUC,NaiveBayesAUC,CfsSubsetEval_DecisionStumpAUC,RandomTreeDepth1ErrRate,CfsSubsetEval_kNN1NKappa,REPTreeDepth3ErrRate,J48.0001.AUC,id
madelon (1),98021,2600,501,2,0,500,0,517.7488461538462,0.07116066518483971,1,,,,475.7761538461538,2,,-0.9638894528844496,0.5957395278041628,,0.1996007984031936,0.03294974368985296,0.1926923076923077,,0.09616220991881574,-0.1191488199631622,0.5105809926894961,0.17175350207412882,50.0,0.02581330149694749,0.1996007984031936,,2,50.0,0.0,480.0515384615385,,488.0610338461538,0.18066052758865606,,494.39442307692315,485.00653846153847,,-0.0028560986952541625,0.0,11.664692277109099,0.08333149342441178,1300,1300,,23.36274467507584,35.620715855893295,,0.0,133.64132156388843,,24.75203966754696,0.033266109127179554,99.80039920159679,1.0,,1,2.0,0.5734776935095001,,,,,,,,,,,,,,,,,,,,,,,,,,,,,,,,,,,,,,,,,,,,,,1485
dresses-sales (2),18096,500,13,2,835,1,401,3.5286,-1.1647649580553958,12,1.3729342705988772,2.57118554925015,0.02698419264909,3.5286,2,0.049806822799540004,-0.5820891187268162,2.005364059222174,2.229601148769659,92.30769230769229,-1.1647649580553958,0.026000000000000002,0.04339185153236,-0.5820891187268162,-1.1647649580553958,0.4729458917835671,-1.1647649580553958,42.0,-0.5820891187268162,7.6923076923076925,1.9828514861071396,24,57.99999999999999,80.2,3.5286,2.8085450978410598,3.5286,-0.5820891187268162,0.005205465654649999,3.5286,3.5286,2.321676322126605,-1.1647649580553958,7.549332701797176,2.005364059222174,-0.5820891187268162,290,210,30.47310671545505,2.005364059222174,2.005364059222174,0.032207214846784536,12.846153846153848,2.005364059222174,0.035390084049059994,2.005364059222174,-1.1647649580553958,7.6923076923076925,0.9814538950336535,68.22676050618685,1,13.083333333333336,-0.5820891187268162,,,,,,,,,,,,,,,,,,,,,,,,,,,,,,,,,,,,,,,,,,,,,,23381
cylinder-bands (2),20639,540,40,2,999,18,263,37287.53148148148,1.3062309747712189,22,0.0,1.393805644206522,0.00779021646024,0.0381443298969073,1,0.21641365622803,-1.7519473536570338,0.19335382071184595,1.2969484630437182,55.00000000000001,1.1927454607437136,0.07407407407407407,0.09383719225758,1.464910851899946,-1.948854100080884,0.8107606679035251,11.529524541398013,42.22222222222222,0.37665114446358827,10.0,0.3605598643755745,71,57.77777777777778,48.7037037037037,2.129277746760649,4.990635883856908,2198.8837376686497,5.481462049036415,0.0,61.366191073536854,32.83731440057058,1.1252520659100518,-0.1845958110265551,15.566833839592226,1.0956764055185744,10.368503105342027,312,228,17.865232787058886,4.758435432271211,8.30257332363641,0.05499363476250474,4.625,8728.998307250762,0.04690027695841,506.96027814740194,0.415206246052901,45.0,0.9824740868386408,22.583610515011678,4,7.300000000000002,137.5773376192269,,,,,,,,,,,,,,,,,,,,,,,,,,,,,,,,,,,,,,,,,,,,,,6332
GesturePhaseSegmentationProcessed (1),23168,9873,33,5,0,32,0,0.011116396597791955,2.3728794681232115,1,,,,-1.4722551402815979e-05,5,,7.60172743206796,0.0009539442477959262,,3.0303030303030303,0.9535035837473848,0.0033424491036159218,,32.23273656863213,-1.8838558879721448,0.9605956239870341,7.171537944883619,10.108376380026336,10.692874878818033,0.0,,5,29.879469259596878,0.0,-7.294024106148107e-07,,0.0013097793076762385,52.889393110454826,,0.0009602516251392688,1.231754431277217e-05,,-0.529067434746491,0.0,0.0016894363730024025,47.822308711805,2950,998,,0.004344638070150883,0.008791262132633587,,0.0,0.013351214902817644,,0.005340125416350268,0.2510938167743828,96.96969696969695,2.1934237361335494,,0,5.0,193.89795794737927,,,,,,,,,,,,,,,,,,,,,,,,,,,,,,,,,,,,,,,,,,,,,,4538
Bioresponse (1),46293,3751,1777,2,0,1776,0,0.9741670958480404,10.531300057120028,1,,,,4.443259584110855e-05,2,,-2.001066951187042,0.002721292460393584,,0.05627462014631402,8.206743925756857,0.4737403359104239,,43.17010210098083,-31.46052678687507,0.4962666666666667,61.245407991135046,45.77446014396161,6.247399909590622,0.05627462014631402,,2,54.22553985603839,0.0,0.006487158975339914,,0.08787999840578177,144.56321928338087,,0.0959077579312182,0.019994668088509745,,2.4800859702659226,0.0,0.04536734329324105,162.4508824786121,2034,1717,,0.10761316494758023,0.25300250901954074,,0.0,0.500066644452143,,0.15803081243142927,6.277325876732576,99.94372537985369,0.994841931879593,,1,2.0,3751.000000000028,,,,,,,,,,,,,,,,,,,,,,,,,,,,,,,,,,,,,,,,,,,,,,4134
dna (1),5988,3186,181,3,0,0,0,,,181,0.5809082509511699,0.847932858515394,0.0019807880110900003,,2,0.3836322812069,,,0.8060631191065172,100.0,,0.056811048336472075,0.0160557352532625,,,0.3755102040816327,,24.01129943502825,,99.4475138121547,0.7666079548971201,3,51.91462649089768,0.0,,0.9999954518641248,,,1.94477877e-06,,,0.8080280988873699,,0.07432941462471664,,,1654,765,68.42526606784621,,,0.02162644364564556,0.0,,0.00515857596463,,,0.0,1.4797951605545792,36.272106885165854,180,2.0055248618784534,,,,,,,,,,,,,,,,,,,,,,,,,,,,,,,,,,,,,,,,,,,,,,,40670
har (1),21322,10299,562,6,0,561,0,0.8302754956791922,2.415984753564313,1,,,,-0.9845489552383728,6,,-1.8473533861205602,0.03712816435011012,,0.1779359430604982,1.6370975866256592,0.05456840469948539,,0.5868977420794415,-3.490402092260489,0.9612546125461254,14.029483769964823,13.651810855422854,-0.269332639174376,0.0,,6,18.87561899213516,0.0,-0.8685016383143995,,-0.508620217585114,8.904678986534279,,-0.10336787090979707,-0.660284334498495,,0.15452664688591056,0.0,0.1888926653502636,13.662956850925585,1944,1406,,0.26311639943893306,0.3572807368500376,,0.0,0.7494800592617996,,0.2792315145321125,0.8690285490639719,99.82206405693951,2.5759228762942765,,0,6.0,373.4292822820647,0.07272550733080882,0.25138362947859016,0.9110238047800038,0.8220355956111729,0.9873116120261966,,0.9125203320075214,,,0.1479755316050102,0.07952228371686572,0.9125203320075214,0.8220355956111729,0.1479755316050102,0.9873116120261966,0.07952228371686572,0.904363613695478,0.6984037726427255,0.9682595475295168,0.904363613695478,0.9748721519915736,,0.644334401398194,0.7973312056354189,,0.904363613695478,0.9110238047800038,0.9873116120261966,,0.07272550733080882,,0.8220355956111729,0.9110238047800038,0.07272550733080882,0.21521262084446727,0.04223711039906787,0.9491895793104512,,0.9682595475295168,0.9584285762566732,0.9682595475295168,0.1479755316050102,0.9125203320075214,0.07952228371686572,,1478
Fashion-MNIST (1),436,70000,785,10,0,784,0,161.7401285714286,2.3599400603770238,1,,,,0.0007714285714282851,10,,-1.7365214287258124,0.08733891056789853,,0.12738853503184713,3.6219221106554937,0.011214285714285715,,-0.7892598867328735,-0.8681746554596874,0.10150145002071458,155.9112034980039,10.0,-1.4798152790462176,0.0,,10,10.0,0.0,24.100085714285672,,72.96981142492709,4.471188526952368,,112.82209642857113,76.12295000000024,,-0.047446906537682465,0.0,57.74199202850628,199.6731496262417,7000,7000,,81.31604827996804,90.54833301484743,,0.0,103.64573751798912,,70.07662618918485,0.6561051172282428,99.87261146496814,3.3219280948873617,,0,10.0,26177.852748162622,,,,,,,,,,,,,,,,,,,,,,,,,,,,,,,,,,,,,,,,,,,,,,40996
jungle_chess_2pcs_raw_endgame_complete (1),4653,44819,7,3,0,6,0,4.158705013498925,3.4115590140460555e-05,1,,,,2.9999330641022834,3,,-1.4216741939065332,2.101920224142268,,14.285714285714285,-0.20974685976979507,0.00015618376135121266,,-1.3344910890506625,-0.6292509535278843,0.7008344861439599,4.4470575824549954e-05,9.672237220821527,-1.421674193906531,0.0,,3,51.455855775452385,0.0,2.9999497980767127,,3.719579493815916,-1.2472680868231243,,4.158705013498925,4.0000892478635866,,-0.6292509535278727,0.0,2.101940128103485,-1.33447778992677,23062,4335,,2.7133412112056208,2.7553255191644515,,0.0,2.755325519164452,,2.5235334079399387,-2.7193033543772346e-05,85.71428571428571,1.3491090889091475,,0,3.0,-1.2472680868231014,,,,,,,,,,,,,,,,,,,,,,,,,,,,,,,,,,,,,,,,,,,,,,41027
car (3),5828,1728,7,4,0,0,0,,,7,1.584962500721156,2.0,0.023627535092365,,3,0.26218435655426,,,1.792481250360578,100.0,,0.004050925925925926,0.2302933116434975,,,0.5993051534452808,,3.7615740740740735,,0.0,1.584962500721156,4,70.02314814814815,0.0,,2.0,,,0.00448571662663,,,1.792481250360578,,0.5345224838248487,,,1210,65,10.53824917764504,,,0.11441568230991668,0.0,,0.08507645804554499,,,0.0,1.2057409700121753,14.666394799843092,0,3.571428571428572,,,,,,,,,,,,,,,,,,,,,,,,,,,,,,,,,,,,,,,,,,,,,,,40975
numerai28.6 (2),858,96320,22,2,0,21,0,0.5171499966289026,0.018434812757753702,1,,,,0.4860706122070582,2,,-1.3004674163038363,0.2828708091524973,,4.545454545454546,-0.002565864884213646,0.00022840531561461796,,-1.1927320077073131,-0.10028720687526764,0.4996625795533591,0.06818169405217256,49.48297342192691,-1.2342489248995479,4.545454545454546,,2,50.51702657807309,0.0,0.4941346268354225,,0.5009744863032921,-1.1651576889799782,,0.5059519529477954,0.5013077730128551,,-0.029302095637384732,0.0,0.28671318515360833,-1.2005501277473178,48658,47662,,0.29036531103271035,0.29363111934603986,,0.0,0.30074296229229786,,0.29037948941871544,0.005062186068544294,95.45454545454544,0.9999228673926668,,1,2.0,-1.1273569064301712,,,,,,,,,,,,,,,,,,,,,,,,,,,,,,,,,,,,,,,,,,,,,,23517
nomao (1),66541,34465,119,2,0,89,0,0.9997583802118092,-0.8289415958475714,30,0.19985561336571575,1.1435482253182636,0.0140682485819,0.3961681075874099,2,0.26071664300520997,-1.8414569295670808,0.015233850268560657,0.8436001792728078,25.210084033613445,-6.856689216231444,0.003452778180763093,0.08081940797388,9.352204078698088,-65.61537184944294,0.948322887650882,1.960270765633748,28.562309589438566,0.9541178003586388,2.5210084033613445,0.4286572966410164,3,71.43769041056144,0.0,0.6643064992165901,1.3684010617449387,0.7934464503790679,27.39189390135551,0.00070562141346,0.92601374536486,0.8096890143914115,0.9490127634484512,-4.389057157328727,0.30512857662936466,0.10860607736460212,306.4411177588678,24621,9844,15.433382768601568,0.18080006022709302,0.2340242351415639,0.055917746985664485,0.0,0.4243820046715209,0.03711930224461,0.17822321113432166,-2.50411710865708,74.78991596638657,0.8629999927875766,14.086447948074158,3,2.9,4303.667763112215,0.05788481067749891,0.16494994922385028,0.9273790728393276,0.8524138497217182,0.9745841594905464,,0.8575950374790288,,,0.060380095749310886,0.05266212099231104,0.8575950374790288,0.8524138497217182,0.060380095749310886,0.9745841594905464,0.05266212099231104,0.8705624480207013,0.5807524985587811,0.968636770333832,0.8705624480207013,0.9394679270285272,,0.14730886406499347,0.8367482155028956,,0.8705624480207013,0.9273790728393276,0.9745841594905464,,0.05788481067749891,,0.8524138497217182,0.9273790728393276,0.05788481067749891,0.6512605890732787,0.05208182213840128,0.8725266430348593,,0.968636770333832,0.9049229436282792,0.968636770333832,0.060380095749310886,0.8575950374790288,0.05266212099231104,,1486
adult (2),13600,48842,15,2,6465,6,3620,189664.13459727284,6.4010213924528,9,0.7952150316501759,2.736773252802121,0.010680338235229998,10.078088530363212,2,0.16542318099232997,-0.18426874062378573,2.5709727555918307,1.7809891200338273,60.0,3.063860808334838,0.00030711273084640267,0.14076964990508,4.504453651154137,-0.3165248566609405,0.6344259945537559,11.89465899659272,23.92817656934605,0.4232417694342489,13.333333333333336,0.8343198263526672,41,76.07182343065395,7.411653904426519,31.502211211662093,3.44192266924963,31819.974765570616,53.184033540528524,0.008187042285449999,48225.334368985714,63.96234797919819,1.6008102873649352,0.09993102873665204,12.152960316089427,9.936326207089904,30.359637681213712,37155,11687,11.068507517484338,208.3575310294492,31990.02064902937,0.0717209468494675,0.8824372466319971,105604.02542315713,0.0623734340938,18914.620326608216,0.9982360975676194,40.0,0.7938438393644257,23.83220311873295,2,11.222222222222221,152.69309629815925,,,,,,,,,,,,,,,,,,,,,,,,,,,,,,,,,,,,,,,,,,,,,,1590
connect-4 (2),9156,67557,43,3,0,0,0,,,43,0.014725387910864338,1.2193606106991517,0.0009071445225075,,3,0.030379797311410002,,,0.6800133933213216,100.0,,0.00063649954852939,0.00828138447796,,,0.6196340813547281,,9.546012996432642,,0.0,0.16024609028721376,3,65.8303358645292,0.0,,1.579788777244021,,,0.00020270001754000002,,,0.5586352919024661,,0.0,,,44473,6449,205.8423168749682,,,0.005919309376568809,0.0,,0.00167365529396,,,0.0,1.2184443563726473,113.88052913961708,0,3.0,,,,,,,,,,,,,,,,,,,,,,,,,,,,,,,,,,,,,,,,,,,,,,,40668
bank-marketing (1),64653,45211,17,2,0,7,0,1362.2720576850834,8.360308326165555,10,0.13021221197171914,2.2761413337981047,0.00338990117011,0.5803233726304275,2,0.04241125452275,-1.0598973728281538,2.303441044931419,1.421499421542609,58.82352941176471,8.806191925400729,0.0003760146866912919,0.027395338626740002,18.15391526902061,0.0930790140210778,0.8430878124308782,41.8464544726404,11.698480458295547,0.31957037591073023,23.529411764705877,0.7859331318222267,12,88.30151954170445,0.0,2.7638406582469046,3.0553529819894245,245.81710835226608,140.75154662504147,0.00042448835011,258.16307978146995,40.19782796221632,1.1775253842799875,0.6848179257252203,3.9777157040470126,3.098020883280205,673.0300915847718,39922,5289,34.9542587684117,10.618762040975437,257.52781226517067,0.014894643445402225,0.0,3044.765829168598,0.011922889298489999,489.53786964951513,3.144318099423397,41.17647058823529,0.5206312212538164,94.4369553560147,4,4.6,4506.860660183506,,,,,,,,,,,,,,,,,,,,,,,,,,,,,,,,,,,,,,,,,,,,,,1461
segment (3),7680,2310,20,7,0,19,0,123.41731601731605,5.4139626535518275,1,,,,-12.690860359307358,7,,-0.7504723612310435,0.0,,5.0,3.5132176397858323,0.008658008658008658,,0.8102543975182814,-0.8853608418421668,0.14811606756171505,16.900935254869903,14.285714285714285,0.13776963726675429,0.0,,7,14.285714285714285,0.0,0.011928800000000005,,19.061993650369025,35.91283983801798,,34.872099380551944,6.97650622012643,,0.8630487948316391,0.0,1.216079013482226,40.85442969559988,330,330,,15.577689936444413,43.073184931462144,,0.0,58.8115278655523,,22.667946813781608,1.3314822169934089,95.0,2.8073549220576046,,0,7.0,339.2210942729759,,,,,,,,,,,,,,,,,,,,,,,,,,,,,,,,,,,,,,,,,,,,,,40984
texture (1),18284,5500,41,11,0,40,0,-0.24215909090909105,0.5188938465004845,1,,,,-1.0983054545454545,11,,-1.0805117922534209,0.13897688217291798,,2.4390243902439024,0.2853136375729942,0.007454545454545455,,0.030664066794594106,-1.140240981713934,0.9981814875431896,2.668850679615681,9.090909090909092,-0.6186434590446399,0.0,,11,9.090909090909092,0.0,-0.7075200454545454,,-0.6055166227272727,1.086225225943642,,-0.4852756363636362,-0.5804279999999999,,-0.2864494969993817,0.0,0.200572356929774,1.1981350593397595,500,500,,0.222246727329651,0.25351127147986313,,0.0,0.3483659144675927,,0.23320130174567716,0.027156539944742045,97.56097560975608,3.459431618637298,,0,11.0,11.448611212294171,,,,,,,,,,,,,,,,,,,,,,,,,,,,,,,,,,,,,,,,,,,,,,40499
churn (1),6658,5000,21,2,0,16,0,2499.5,0.019315373507701974,5,0.4516404367157488,2.0833751370699187,0.00251891414912,2.771196,2,0.05024213240489,-1.1999999999999262,0.7455137072660346,1.2659352523597345,23.809523809523807,0.1395287334036911,0.0042,0.0467752151671025,0.08236840614015818,-0.210286114678472,0.7583516703340668,1.3606924794023325,14.14,-0.02126233436655756,14.285714285714285,0.5471325281256134,10,85.86,0.0,9.328744,2.2775043889558475,224.322423625,0.19398732998733606,8.063806707e-05,160.28132499999995,65.28443399999999,1.1672980918836702,-0.048525154491477186,3.492849839314596,3.1452576112172346,0.18476979395658535,4293,707,24.360825821958965,17.314988016366375,47.81948183011039,0.024132744080242498,0.0,1443.5200033252054,0.023104102924505,109.24068657540887,-0.011004011473661495,76.19047619047619,0.5878935751446988,51.457161446308824,3,3.8,3.2681836469481524,,,,,,,,,,,,,,,,,,,,,,,,,,,,,,,,,,,,,,,,,,,,,,40701
Devnagari-Script (1),42,92000,1025,46,0,1024,0,163.71332608695656,1.1977973128960633,1,,,,0.0,46,,-1.8397895545847156,0.0,,0.0975609756097561,0.9291540443087588,0.011141304347826087,,-1.2954857062863232,-0.6101155606053595,0.9995108642485244,5.207717655045808,2.1739130434782608,-1.5597479227826985,0.0,,46,2.1739130434782608,0.0,19.584763586956026,,61.250598675271796,-0.3580469428409333,,92.53509510869814,75.25985869565254,,0.4909297274034581,0.0,59.85722469443322,-0.27132459428504024,2000,2000,,103.57123575165994,108.33302415592964,,0.0,115.1620005358366,,77.05396737055446,0.709154340652421,99.90243902439023,5.5235619560570095,,0,46.0,27.70170878634333,,,,,,,,,,,,,,,,,,,,,,,,,,,,,,,,,,,,,,,,,,,,,,40923
CIFAR_10 (1),143,60000,3073,10,0,3072,0,140.55893333333302,0.2622495592555585,1,,,,99.97718333333357,10,,-1.32478571180065,57.46430398342458,,0.03254149040026033,0.20190485126859392,0.05121666666666667,,-0.7309628357059785,-0.07885944658291985,0.0986516441940699,0.5522811186855636,10.0,-0.8463004771452483,0.0,,10,10.0,0.0,114.15132083333368,,120.84449672851565,-0.6458422900492707,,127.95783749999985,121.73080000000029,,0.0921962682494872,0.0,60.02352011592343,-0.7583784658177144,6000,6000,,61.54224833294053,65.19082684651714,,0.0,80.39663857171094,,63.29020189056246,0.1662982798773079,99.96745850959974,3.3219280948873617,,0,10.0,-0.3916993062151537,,,,,,,,,,,,,,,,,,,,,,,,,,,,,,,,,,,,,,,,,,,,,,40927
Internet-Advertisements (2),1421,3279,1559,2,0,3,0,112.65934736200005,7.516081525401603,1556,0.01356615420417003,0.060274881800132636,0.00066459163555,2.826293229643188,2,0.15500090115456,2.624821454812822,5.426729798344788,0.05957015607816046,99.80756895445799,3.8627008692966074,0.4754498322659347,0.0043074609839499995,10.880589692683127,1.7146789220041718,0.9996949359365468,7.516081525401603,13.998170173833484,2.624821454812822,99.80756895445799,0.03240582222560017,2,86.00182982616651,0.0,2.826293229643188,0.8659834625804259,53.958871149740645,73.92065862808846,1.0538868e-07,112.65934736200005,46.39097285757871,0.042138791111240304,1.7146789220041718,0.0,5.426729798344788,29.14202325852814,2820,459,122.58576196805383,54.76677706124031,130.65720498254709,0.004765568845520558,0.0,130.65720498254709,0.00106440096551,63.616903947377395,2.3573421604840448,0.19243104554201407,0.5841908881393563,11.50011446884332,1556,2.0,73.92065862808846,,,,,,,,,,,,,,,,,,,,,,,,,,,,,,,,,,,,,,,,,,,,,,40978
mfeat-pixel (3),9091,2000,241,10,0,240,0,6.276500000000001,0.3824727578458295,1,,,,1.1749999999999996,10,,-1.9183986446879169,0.6903718611395719,,0.4149377593360996,-0.036370343042858966,0.1205,,-1.5502761084810714,-2.3385106127780353,0.9954977488744372,4.302409293941676,10.0,-1.76910699566242,0.0,,10,10.0,0.0,3.3512500000000025,,4.026270833333333,-0.6835834785544948,,4.934374999999997,4.097750000000009,,-0.688928321379161,0.0,2.2252403865453902,-0.8278608187397457,200,200,,2.6203612762044526,2.7295534730412387,,0.0,2.8884159107089418,,2.446120142031429,-0.18381447481455887,99.58506224066392,3.3219280948873617,,0,10.0,18.116346562002022,,,,,,,,,,,,,,,,,,,,,,,,,,,,,,,,,,,,,,,,,,,,,,40979
wilt (2),8029,4839,6,2,0,5,0,525.8003007679273,7.463963255108498,1,,,,24.482006945443274,2,,-0.01531650184453648,10.726996780258213,,16.666666666666664,3.3734293299197606,0.0012399256044637321,,17.188504891514963,-0.7507825285801034,0.965481603968582,7.731518525098008,5.393676379417236,3.7482191323323577,16.666666666666664,,2,94.60632362058277,0.0,70.3936691714197,,204.9711689027485,107.67732597482528,,378.606479622236,126.85554692643109,,-0.2828213494833627,0.0,12.088756485093686,48.007919021166046,4578,261,,62.00562173531429,109.92211889587465,,0.0,156.57929723632222,,61.20547449945019,2.5048628383485316,83.33333333333334,0.3028903171988337,,1,2.0,119.73943496687265,,,,,,,,,,,,,,,,,,,,,,,,,,,,,,,,,,,,,,,,,,,,,,40983
MiceProtein (4),6779,1080,82,8,1396,77,528,3.843933946299907,0.9742697242064902,5,,,,0.12088914805462965,8,,-0.737462966449089,0.0132333188365263,,6.097560975609755,0.7856041308218359,0.07592592592592592,,0.892962900950149,-0.8812167378685444,0.9935125115848008,4.7389003242754315,9.722222222222225,0.21007824919108356,3.658536585365853,,8,13.888888888888891,48.88888888888889,0.194287056601043,,0.6718868120257284,2.288843620529632,,0.7924297706049208,0.3785185425153204,,0.030014956042016514,0.0,0.03224130544967179,4.539576265311827,150,105,,0.0664321589555671,0.2305698670019591,,1.5763324299909665,1.295169467899831,,0.15821417818483133,0.4589498552493325,93.90243902439023,2.9930267873165555,,3,8.0,62.548505888155134,,,,,,,,,,,,,,,,,,,,,,,,,,,,,,,,,,,,,,,,,,,,,,40966
climate-model-simulation-crashes (4),6501,540,21,2,0,20,0,0.5001191462170517,0.0003886941230003085,1,,,,0.4999131336948215,2,,-1.2013861433261468,0.28881338565157183,,4.761904761904762,5.4691990166436535e-06,0.03888888888888889,,-1.1999914486567025,-0.0008327431520984548,0.8385899814471243,0.0012745617924135404,8.518518518518519,-1.2003355907840976,4.761904761904762,,2,91.48148148148148,0.0,0.4999745066037056,,0.5000220580606144,-1.1994875413840975,,0.500063012002607,0.5000268872458846,,-0.0005817142360971213,0.0,0.2888577473910774,-1.2000057830744848,494,46,,0.28893753820946944,0.28901043171538754,,0.0,0.2891269143109756,,0.2889411478462484,-0.0001809025119065503,95.23809523809523,0.4201910370851765,,1,2.0,-1.1986605241661878,,,,,,,,,,,,,,,,,,,,,,,,,,,,,,,,,,,,,,,,,,,,,,40994
banknote-authentication (1),135193,1372,5,2,0,4,0,1.9223531209912543,0.7790794824458168,1,,,,-1.1916565211370262,2,,-0.7515813814324717,2.1010131367390668,,20.0,-0.1192914188861707,0.003644314868804665,,0.030142115780319226,-1.0222430436540921,0.99927060539752,1.0885685435217796,44.46064139941692,-0.6729889170841984,20.0,,2,55.53935860058309,0.0,-0.7853085765306121,,0.6405147434402338,1.0772308756274558,,1.79117161989796,0.9156811869533534,,-0.8652081513981438,0.0,2.2864504991155923,0.14479469144119225,762,610,,3.5763963382805763,5.47929258026428,,0.0,5.86904674358038,,3.7807131392201496,-0.27174558770618523,80.0,0.991128125746746,,1,2.0,1.2704759156366023,0.12463556851311955,0.1588921282798834,0.9330450496966568,0.8674539679304253,0.9101996471752506,,0.6220644978877691,,,0.09912536443148688,0.11443148688046648,0.7466787022320504,0.8005251139599922,0.0663265306122449,0.8344961490469428,0.19314868804664725,0.7692363729859445,0.6763618735987396,0.9528828363667656,0.8515038072681896,0.9986876640419948,,0.19314868804664725,0.8344961490469428,,0.6220644978877691,0.9764080719418268,0.9400972419431176,,0.19314868804664725,,0.5620538416256953,0.8148164881029215,0.061224489795918366,0.6220644978877691,0.001457725947521866,0.9970492846881102,,0.9382578202314874,0.9396067294866832,0.8344961490469428,0.22448979591836732,0.8763125584909549,0.07434402332361516,,1462
wdbc (1),224529,569,31,2,0,30,0,880.5831282952548,1.9754487571153525,1,,,,0.0037949033391915642,2,,-0.5355351225188612,0.002646071523977847,,3.2258064516129035,1.740406628520751,0.054481546572934976,,3.022590146044739,0.4154259962824675,0.625,5.447186284898407,37.258347978910365,0.9651825547526208,3.2258064516129035,,2,62.74165202108964,0.0,0.05932799384885764,,61.89071233954305,5.985908976234704,,17.024304481546572,0.21771345342706505,,0.9785827119630316,0.0,0.018022995343089827,7.814734825110261,357,212,,0.07272607466098199,4.434087221242544,,0.0,569.3569926699494,,34.904718603211656,1.4175537695584106,96.77419354838709,0.95263512240186,,1,2.0,49.209076507241384,0.0492091388400703,0.07205623901581723,0.9583333333333336,0.8588874813161476,0.9630437080492574,,0.8012438100586974,,,0.10193321616871703,0.070298769771529,0.8941381280814363,0.7802913293566254,0.06502636203866433,0.8700584007187779,0.09490333919156414,0.8519077611784914,0.8451371786276162,0.989788686638896,0.8870120070427198,0.9512248295544632,,0.08963093145869948,0.8721592410549125,,0.7901774129665797,0.956305163574864,0.9651709740499974,,0.08963093145869948,,0.7815409507877525,0.8897785529306063,0.0492091388400703,0.8012438100586974,0.043936731107205626,0.9052064799450896,,0.9492032662121452,0.9797278811381966,0.8721592410549125,0.0984182776801406,0.8945445399065384,0.05272407732864675,,1510
cnae-9 (1),30032,1080,857,9,0,856,0,0.4370370370370372,32.863353450311216,1,,,,0.0009259259259259213,9,,-1.259416833981707,0.03042903097250871,,0.11668611435239205,23.162381936883797,0.7935185185185185,,537.4925736865786,0.6326488459305618,0.0,32.8633534503123,11.111111111111109,211.99036707099788,0.0,,9,11.111111111111109,0.0,0.000925925925925934,,0.008213265835929394,1080.0000000000284,,0.004629629629629657,0.001851851851851852,,14.614985291676152,0.0,0.030429030972508955,636.4605777891992,120,120,,0.043013202450821617,0.07436270270712357,,0.0,0.6177168929917766,,0.06570782004442137,23.20554284633016,99.8833138856476,3.169925001442312,,0,9.0,1080.000000000071,0.1935185185185185,0.08333333333333333,0.8760416666666667,0.7520833333333333,0.9466849922839506,,0.7822916666666667,,,0.2203703703703704,0.22962962962962966,0.7822916666666667,0.7520833333333333,0.2203703703703704,0.9466849922839506,0.22962962962962966,0.7416666666666667,0.90625,0.9610865162037038,0.7416666666666667,0.905916763117284,,0.8111111111111111,0.6548924575617284,,0.7416666666666667,0.8760416666666667,0.9466849922839506,,0.1935185185185185,,0.7520833333333333,0.8760416666666667,0.1935185185185185,0.08750000000000001,0.18888888888888888,0.7875,,0.9610865162037038,0.9858796296296296,0.9610865162037038,0.2203703703703704,0.7822916666666667,0.22962962962962966,,1468
first-order-theorem-proving (1),24399,6118,52,6,0,51,0,0.05295462373324628,10.45437374004599,1,,,,-0.040910567015362886,6,,-0.971971602375862,0.8394622129143448,,1.9230769230769231,7.440976027873651,0.008499509643674403,,15.286501444565165,-1.875764427110436,0.3678273663560569,53.78484491555884,7.9437724746649225,1.3326773975344213,0.0,,6,41.745668519123896,0.0,-0.0081597994442654,,-0.0005510331198841205,137.4911806505215,,0.002845900948022519,-0.002469232265446736,,1.3330441633458074,0.0,0.972785674515244,228.1908672595734,2554,486,,0.9971927023529901,1.0036680416341404,,0.0,1.5063662920278478,,0.991643851918798,3.1426279908840025,98.07692307692308,2.300007058067345,,0,6.0,2944.6525317078385,0.4851258581235698,0.8345864661654135,0.6943273232081051,0.3568830760926545,0.7474597786162569,,0.34624274955141604,,,0.4870872834259562,0.5052304674730304,0.34624274955141604,0.3568830760926545,0.4870872834259562,0.7474597786162569,0.5052304674730304,0.3022006426588284,0.05473977746349635,0.7090827191037619,0.3022006426588284,0.7160823449736391,,0.582543314808761,0.5958041430205936,,0.3022006426588284,0.6943273232081051,0.7474597786162569,,0.4851258581235698,,0.3568830760926545,0.6943273232081051,0.4851258581235698,0.0,0.4635501797973194,0.3867635866819356,,0.7090827191037619,0.620496665896741,0.7090827191037619,0.4870872834259562,0.34624274955141604,0.5052304674730304,,1475
ilpd (1),154036,583,11,2,0,9,0,290.57632933104617,5.728332961583486,2,0.8009231574877496,0.8009231574877496,0.00477057255121,0.9470639039451116,2,0.00477057255121,-0.5600656409430136,0.3184919594586744,0.8009231574877496,18.181818181818183,3.2908126195510525,0.018867924528301886,0.00477057255121,11.352528764019535,-0.2856721864357383,0.6134020618556701,10.546177216912461,28.64493996569468,-0.07743311078942616,18.181818181818183,0.8009231574877496,2,71.35506003430531,0.0,2.313979416809606,0.8009231574877496,60.144871022679595,43.871620582676755,0.00477057255121,95.31217838764995,6.483190394511149,0.8009231574877496,-0.03653502062858911,0.0,0.9404851449937466,30.04207633619092,416,167,181.1292917093559,6.209521726180145,212.7791726067732,0.00477057255121,0.0,288.91852905173414,0.00477057255121,82.43157657369557,3.212402862087732,81.81818181818183,0.8640904272487622,166.8882668464197,2,2.0,150.9198836440821,0.3259005145797599,0.4356775300171527,0.5996372639336711,0.20515708358032012,0.6079715568862275,,0.14779196799507618,,,0.3156089193825043,0.3036020583190395,0.14779196799507618,0.20515708358032012,0.3156089193825043,0.6079715568862275,0.3036020583190395,0.034000168503038,0.24145314468952656,0.6042722247812068,0.034000168503038,0.5985720865960387,,0.2864493996569468,0.6296637494242284,,0.034000168503038,0.5996372639336711,0.6079715568862275,,0.3259005145797599,,0.20515708358032012,0.5996372639336711,0.3259005145797599,0.0,0.3687821612349914,0.17342046780926254,,0.6042722247812068,0.7150087195315136,0.6042722247812068,0.3156089193825043,0.14779196799507618,0.3036020583190395,,1480
ozone-level-8hr (1),184050,2534,73,2,0,72,0,10164.198441985003,0.5116487297426875,1,,,,-10.511409688239935,2,,-0.9765331961089504,0.24285789396290186,,1.3698630136986298,0.08595601481421307,0.02880820836621941,,0.2058839276126998,-1.3083589753871372,0.915515199368338,7.37646091154844,6.314127861089188,-0.260168431307105,1.3698630136986298,,2,93.6858721389108,0.0,1.8374475797158645,,296.494606499841,1.0593317075159523,,20.78420038506314,4.815862994080504,,-0.6536046299943934,0.0,1.1660936206969923,1.4930547521290494,2374,160,,6.228337109415218,7.0435929076003365,,0.0,77.41011008760529,,7.570160866371553,0.0471494119269262,98.63013698630137,0.3397904253160801,,1,2.0,77.65898710476209,0.2490134175217048,0.30386740331491713,0.7445108466722831,0.009143221271747805,0.5,,0.0,,,0.06314127861089187,0.06314127861089187,0.2064815301898048,0.0,0.06393054459352802,0.5,0.06314127861089187,0.0,0.16475175167633535,0.8579034669356066,0.0,0.6566870261162595,,0.06314127861089187,0.7327664279696714,,0.0,0.7811354780960404,0.5,,0.06314127861089187,,0.0,0.6752435235888795,0.0840568271507498,0.0,0.07971586424625099,0.31421390253967035,,0.6374526116259478,0.8217510278493866,0.7327664279696714,0.06314127861089187,0.2747177437777317,0.06314127861089187,,1487
semeion (1),30849,1593,257,10,0,256,0,0.6465787821720023,1.1025394278531615,1,,,,0.04080351537978656,10,,-2.0009955944217177,0.1978968747933161,,0.3891050583657588,0.8093820477591855,0.1613308223477715,,-1.441320216941117,-0.6138373506227716,0.925251256281407,4.646599171369228,9.73006905210295,-1.7865540726248506,0.0,,10,10.16949152542373,0.0,0.25878844946641555,,0.3286252354048964,-0.7853918227148153,,0.3907721280602637,0.3248587570621469,,0.4481484384122261,0.0,0.4381065847772749,-0.9633611989432368,162,155,,0.4684689957287422,0.4872175903115843,,0.0,0.5000622975823789,,0.4553505374478154,0.7486578591262748,99.61089494163423,3.32181948968678,,0,10.0,19.615509432022268,,,,,,,,,,,,,,,,,,,,,,,,,,,,,,,,,,,,,,,,,,,,,,1501
phoneme (1),215620,5404,6,2,0,5,0,6.1065877123851385e-09,1.363664264477732,1,,,,-6.698741675291565e-08,2,,-0.8572834809909309,0.9999999984765442,,16.666666666666664,0.7794652586095029,0.0011102886750555144,,-0.3066496518690336,0.2094948505005711,0.5918933925596891,1.482393052784835,29.34863064396743,-0.6590595801379302,16.666666666666664,,2,70.65136935603256,0.0,-3.821243527730011e-08,,-1.228719468057428e-08,1.6617568775963694,,5.829015545010302e-09,3.3308660617082098e-09,,0.34288338170102217,0.0,0.9999999997309184,0.3397489886095689,3818,1586,,1.000000003087631,1.000000010267071,,0.0,1.0000000160707985,,1.0000000046167221,0.4842310006900062,83.33333333333334,0.8731822577241406,,1,2.0,1.7651174033134938,0.1815321983715766,0.2403774981495189,0.8065602505421655,0.6203230053600308,0.8756328290298097,,0.5579430305860378,,,0.15562546262028126,0.1659881569207994,0.5579430305860378,0.6203230053600308,0.15562546262028126,0.8756328290298097,0.1659881569207994,0.5893753379948957,0.4633846460559611,0.8550177462963318,0.5893753379948957,0.8367145868412517,,0.2474093264248705,0.7404866739285669,,0.5893753379948957,0.8065602505421655,0.8756328290298097,,0.1815321983715766,,0.6203230053600308,0.8065602505421655,0.1815321983715766,0.4488154160690855,0.12675795706883788,0.6877227093332758,,0.8550177462963318,0.8173487304115306,0.8550177462963318,0.15562546262028126,0.5579430305860378,0.1659881569207994,,1489
qsar-biodeg (1),265112,1055,42,2,0,41,0,37.05563981042654,5.71301396137191,1,,,,-0.19712890995260654,2,,-0.22188039038879026,0.030142956511920223,,2.380952380952381,3.7986392200532997,0.03981042654028436,,11.774168018977944,-1.7621976606259555,0.9971537001897534,26.845983240149803,33.74407582938389,3.3827125097328232,2.380952380952381,,2,66.25592417061611,0.0,0.1018957345971567,,2.6835215743844643,46.88794675069531,,2.6133805687203795,1.131106161137441,,1.4117810033993186,0.0,0.2410708260238044,44.71323748559371,699,356,,0.8313081690630236,2.0300641876894243,,0.0,11.895889198588366,,1.59439601555547,2.6154182195603197,97.61904761904762,0.9223486063040568,,1,2.0,812.724026378075,,,,,,,,,,,,,,,,,,,,,,,,,,,,,,,,,,,,,,,,,,,,,,1494
wall-robot-navigation (1),22309,5456,25,4,0,24,0,3.3511130865102645,2.5364207592298973,1,,,,0.910273093841642,4,,-1.6045954541834069,0.8028011371159731,,4.0,1.5222576378064732,0.004582111436950147,,-0.07701671670886245,0.017563948445031872,0.927589367552704,3.8301415530945007,6.011730205278593,-0.96764411879064,0.0,,4,40.414222873900286,0.0,1.2694878115835777,,2.0457923463465297,5.982887394313816,,2.734725394061584,2.1581315065982407,,0.7235806675034439,0.0,1.1190402725446185,2.368822458469765,2205,328,,1.287011259552107,1.4008828746198703,,0.0,1.7154346324866983,,1.2512399704111532,1.1760736714534508,96.0,1.7146327422659766,,0,4.0,14.349591863774762,,,,,,,,,,,,,,,,,,,,,,,,,,,,,,,,,,,,,,,,,,,,,,1497
kr-vs-kp (1),270415,3196,37,2,0,0,0,,,37,0.004094030352641959,0.9132329806576944,0.000777595577705,,2,0.19826687955488,,,0.5901482912442314,100.0,,0.011576971214017523,0.0184861208375775,,,0.9990610328638496,,47.77847309136421,,94.5945945945946,0.2875600035503529,3,52.221526908635795,0.0,,0.9956521852360184,,,1.1805299999999999e-09,,,0.6794996247614244,,0.1643989873053572,,,1669,1527,52.140401697162645,,,0.01915166562113,0.0,,0.00542648921343,,,0.0,0.9985755386554582,29.814462977732955,35,2.0270270270270268,,0.059136420525657075,0.12108886107634545,0.9451363376145694,0.8908498653739637,0.9976155190199341,,0.8811920214059075,,,0.05444305381727159,0.013767209011264079,0.8811920214059075,0.8908498653739637,0.05444305381727159,0.9976155190199341,0.013767209011264079,0.972417266903898,0.7569708778154078,0.9619120657405762,0.972417266903898,0.9728427352982838,,0.3394868585732165,0.6714034536324981,,0.972417266903898,0.9451363376145694,0.9976155190199341,,0.059136420525657075,,0.8908498653739637,0.9451363376145694,0.059136420525657075,0.3396437687719142,0.06914893617021277,0.8609676573571107,,0.9619120657405762,0.952041993860854,0.9619120657405762,0.05444305381727159,0.8811920214059075,0.013767209011264079,,3
letter (1),67265,20000,17,26,0,16,0,8.338849999999995,0.653378002627639,1,,,,3.046099999999995,26,,-0.4211788221168451,1.546722436319954,,5.882352941176469,0.29029703410184804,0.00085,,0.8853044390128566,-0.31007906987268463,0.04090204510225511,1.1599750154235924,3.67,0.3091324958538607,0.0,,26,4.065,0.0,4.174812499999999,,5.9254656249999975,1.1728389823381402,,7.726012499999999,5.9132250000000015,,-0.13733042812365298,0.0,2.0174388128267267,0.6977379005298701,813,734,,2.2933721022270195,2.547423135491912,,0.0,3.304555303560268,,2.273771145446362,0.2543345879398813,94.11764705882351,4.69981072657316,,0,26.0,2.075245046157538,0.15215,0.36025,0.9080139521161272,0.816017080292,0.9544303249787937,,0.8417568638675329,,,0.1769,0.20315,0.8417568638675329,0.816017080292,0.1769,0.9544303249787937,0.20315,0.7887152321892192,0.6253250509940796,0.9425298055650914,0.7887152321892192,0.9731018928391189,,0.9293,0.6574545268026781,,0.7887152321892192,0.9080139521161272,0.9544303249787937,,0.15215,,0.816017080292,0.9080139521161272,0.15215,0.03276976655404448,0.05785,0.939833878217649,,0.9425298055650914,0.9559207236903552,0.9425298055650914,0.1769,0.8417568638675329,0.20315,,6
analcatdata_authorship (1),25956,841,71,4,0,70,0,77.36028537455404,1.339734579743372,1,,,,0.4447086801426868,4,,-0.7902615862988753,0.8045103166246655,,1.4084507042253522,1.1147021119329887,0.08442330558858502,,1.4141229803280546,-0.04070892060728835,0.9964285714285714,4.087186736805094,6.539833531510108,0.3616781435065046,0.0,,4,37.69322235434007,0.0,3.1272294887039336,,10.12524205877357,2.442383650027078,,11.93638525564807,5.030915576694409,,0.7038172484296433,0.0,2.520372968046287,2.359129460351526,317,55,,3.902639766596527,6.2079341685674265,,0.0,31.071726420905676,,5.3565260839463535,1.0322539044597914,98.59154929577466,1.787416049226166,,0,4.0,21.231717234335747,0.08323424494649227,0.01426872770511296,0.8864451921145452,0.7726098137881784,0.94584560250496,,0.8785920221739185,,,0.15576694411414982,0.10582639714625446,0.8785920221739185,0.7726098137881784,0.15576694411414982,0.94584560250496,0.10582639714625446,0.8456546618688718,0.9792228968124068,0.9388364704395656,0.8456546618688718,0.9935472479387648,,0.441141498216409,0.7487063032184788,,0.8456546618688718,0.8864451921145452,0.94584560250496,,0.08323424494649227,,0.7726098137881784,0.8864451921145452,0.08323424494649227,0.33926771420100804,0.011890606420927468,0.98269899752931,,0.9388364704395656,0.9956073167321632,0.9388364704395656,0.15576694411414982,0.8785920221739185,0.10582639714625446,,458
pc3 (1),144328,1563,38,2,0,37,0,34072.822693538066,16.299723810564462,1,,,,0.12455534229046708,2,,-1.4822370260657114,0.12943827711259495,,2.631578947368421,10.324325597699103,0.02431222008957134,,144.273194565914,-0.5895053004377939,0.8143405889884763,30.48899351715018,10.236724248240565,9.984214976465344,2.631578947368421,,2,89.76327575175944,0.0,1.441858605246321,,1008.1458672684204,407.2738207707061,,22.676583493282138,7.6378758797184965,,2.6324202171107656,0.0,2.058382602555485,238.9540458598084,1403,160,,15.92828052824081,43.85840094501,,0.0,358165.93572730635,,10334.503124329438,9.777471538769179,97.36842105263158,0.4764549714253225,,1,2.0,1039.3380068388667,0.10236724248240564,0.4824056301983365,0.5901193870277976,0.16861356637951447,0.7485165716322167,,0.0,,,0.163787587971849,0.11004478566858604,0.0,0.16861356637951447,0.163787587971849,0.7485165716322167,0.11004478566858604,0.11065679522042117,0.06791219012186335,0.4998218104062722,0.11065679522042117,0.6411105666429081,,0.10236724248240564,0.706029490377762,,0.11065679522042117,0.5901193870277976,0.7485165716322167,,0.10236724248240564,,0.16861356637951447,0.5901193870277976,0.10236724248240564,0.0,0.12284069097888675,0.25757770674794456,,0.4998218104062722,0.6612727006474107,0.4998218104062722,0.163787587971849,0.0,0.11004478566858604,,1050
jm1 (1),19125,10885,22,2,25,21,5,36836.3653431329,16.647450971037983,1,,,,0.13533486449242005,2,,3.3600523103582027,0.1605384477399967,,4.545454545454546,15.836470747949765,0.0020211299954065232,,392.2049277598112,1.9206587292925692,0.9998162440279308,46.21215121044533,19.347726228755167,187.2880459695256,4.545454545454546,,2,80.65227377124484,0.04593477262287552,3.7013229214515375,,1902.782368644972,557.8218633161355,,57.249788602940036,14.17723748277455,,9.996525984131477,0.0,9.062748417574056,586.6194695049691,8779,2106,,22.597617346469026,125.93284053077517,,0.010439721050653527,434367.80125524563,,21963.75301398026,13.648072779325632,95.45454545454544,0.7086892115305543,,1,2.0,2765.987967963975,0.19467156637574645,0.1966008268259072,0.5908402044535213,0.19986613136483172,0.699265043372193,,0.11830560261068165,,,0.2502526412494258,0.19016995865870465,0.11830560261068165,0.19986613136483172,0.2502526412494258,0.699265043372193,0.19016995865870465,0.16736662667071187,0.197396734416771,0.6587376073460289,0.16736662667071187,0.6196530631837556,,0.1934772622875517,0.6620835928179211,,0.16736662667071187,0.5908402044535213,0.699265043372193,,0.19467156637574645,,0.19986613136483172,0.5908402044535213,0.19467156637574645,0.0,0.2447404685346808,0.20020772020128605,,0.6587376073460289,0.6543475319881906,0.6587376073460289,0.2502526412494258,0.11830560261068165,0.19016995865870465,,1053
pc4 (1),113214,1458,38,2,0,37,0,19505.519540466397,9.488261932499196,1,,,,0.07064471879286696,2,,-1.5109530299949825,0.1198623702704126,,2.631578947368421,6.450282232943058,0.026063100137174208,,48.0499420976743,-0.4639306888169806,0.7803706245710363,25.483851976424926,12.208504801097392,9.73606658084686,2.631578947368421,,2,87.79149519890261,0.0,1.4681069958847743,,583.4640334779226,173.8806340260204,,19.708847736625515,6.997256515775034,,2.8161318073942256,0.0,2.0213566367723192,105.0871480075218,1280,178,,9.48740590701204,26.373775044950506,,0.0,62600.255064694364,,1837.8290669668522,5.710990952498308,97.36842105263158,0.5353247216329435,,1,2.0,771.6332888137742,0.1083676268861454,0.16872427983539096,0.6578322507022473,0.32590363939992,0.8679402212078651,,0.3020372547356171,,,0.13786008230452676,0.1111111111111111,0.3020372547356171,0.32590363939992,0.13786008230452676,0.8679402212078651,0.1111111111111111,0.34952301218356824,0.3008202984888418,0.8296260533707867,0.34952301218356824,0.6835147471910112,,0.12208504801097393,0.8338066186797752,,0.34952301218356824,0.6578322507022473,0.8679402212078651,,0.1083676268861454,,0.32590363939992,0.6578322507022473,0.1083676268861454,0.0,0.14951989026063098,0.3189543604028285,,0.8296260533707867,0.8191864300122533,0.8296260533707867,0.13786008230452676,0.3020372547356171,0.1111111111111111,,1049
mfeat-morphological (1),33143,2000,7,10,0,6,0,6155.2004351565565,0.7676581134191288,1,,,,0.4924999999999951,10,,-1.0383559313284294,0.2913157171953473,,14.285714285714285,0.5315671843447396,0.0035,,-0.6352635311790746,-0.06283666261436584,0.9954977488744372,1.0084830014756712,10.0,-0.8692491113871175,0.0,,10,10.0,0.0,0.6582499999999927,,1052.6997316402776,-0.11149071301766612,,1656.114273214139,1.686534392555002,,0.2147713147724888,0.0,0.5715449990560861,-0.536236922624337,200,200,,0.9208719889146832,958.1661269687644,,0.0,3757.634467006599,,630.90708251402,0.6245331546193721,85.71428571428571,3.3219280948873617,,0,10.0,0.0794938700561878,0.295,0.2995,0.8167274999999999,0.6283333333333333,0.9442476388888889,,0.6722222222222222,,,0.3345,0.2935,0.6722222222222222,0.6283333333333333,0.3345,0.9442476388888889,0.2935,0.6738888888888889,0.6672222222222223,0.9114204166666668,0.6738888888888889,0.8227808333333333,,0.8015,0.7612499999999999,,0.6738888888888889,0.8167274999999999,0.9442476388888889,,0.295,,0.6283333333333333,0.8167274999999999,0.295,0.10944444444444444,0.3295,0.6338888888888888,,0.9114204166666668,0.951212777777778,0.9114204166666668,0.3345,0.6722222222222222,0.2935,,18
mfeat-factors (1),35507,2000,217,10,0,216,0,1141.5704999999996,0.3665125978251143,1,,,,6.7674999999999965,10,,-1.3893209589478623,1.9854850353031412,,0.4608294930875576,0.027560516903782386,0.1085,,-0.4026911656287315,-1.0738237890694695,0.9954977488744372,0.8630705307139119,10.0,-0.6970467475463484,0.0,,10,10.0,0.0,14.118125000000004,,318.2703888888889,0.01138630535997398,,684.5027499999998,146.4797499999999,,-0.2190263674003187,0.0,5.5426893179096135,-0.315188200704828,200,200,,30.29006567694612,91.59687126428517,,0.0,153.51158138902838,,49.58131318395632,-0.014119361298266794,99.53917050691244,3.3219280948873617,,0,10.0,1.701286299993246,0.1335,0.0765,0.8927777777777776,0.7855555555555556,0.948628472222222,,0.8516666666666667,,,0.193,0.1575,0.8516666666666667,0.7855555555555556,0.193,0.948628472222222,0.1575,0.8250000000000001,0.915,0.936031527777778,0.8250000000000001,0.9753261111111112,,0.8065,0.7207469444444443,,0.8250000000000001,0.8927777777777776,0.948628472222222,,0.1335,,0.7855555555555556,0.8927777777777776,0.1335,0.10388888888888888,0.044000000000000004,0.9511111111111109,,0.936031527777778,0.9919075,0.936031527777778,0.193,0.8516666666666667,0.1575,,12
mfeat-zernike (1),32605,2000,48,10,0,47,0,508.90257163362503,1.2548334728305888,1,,,,0.07855426092000001,10,,-0.9914117205299372,0.0665520027146517,,2.083333333333333,0.7908300764747563,0.024,,0.444046398140002,0.005491522368602323,0.9954977488744372,1.794599514537336,10.0,-0.4612428052581321,0.0,,10,10.0,0.0,7.537383493435001,,88.63642941472712,1.8699835840120704,,126.83265674023001,69.881896744535,,0.37904887836339535,0.0,3.7579900876369465,0.7353956813037765,200,200,,37.878377911282136,65.21134486568818,,0.0,124.19249364407264,,40.125452921755205,0.7415928908678675,97.91666666666666,3.3219280948873617,,0,10.0,4.370101298879665,0.314,0.2705,0.7797222222222222,0.5594444444444445,0.8958765277777778,,0.6511111111111112,,,0.3965,0.3295,0.6511111111111112,0.5594444444444445,0.3965,0.8958765277777778,0.3295,0.6338888888888888,0.6994444444444445,0.8614040277777776,0.6338888888888888,0.8854525,,0.8059999999999999,0.6806197222222223,,0.6338888888888888,0.7797222222222222,0.8958765277777778,,0.314,,0.5594444444444445,0.7797222222222222,0.314,0.10444444444444444,0.2065,0.7705555555555555,,0.8614040277777776,0.9590269444444444,0.8614040277777776,0.3965,0.6511111111111112,0.3295,,22
cmc (1),23111,1473,10,3,0,2,0,32.538357094365246,1.0990139461060884,8,0.380671663040156,1.757839343635201,0.00982050143438,3.2613713509843865,2,0.07090633894894,-0.9438944908638564,2.3585488626874125,1.2208122969788784,80.0,0.6777315757939906,0.006788866259334691,0.04013859922938,0.2928560302339025,0.2564492054818928,0.9966032608695652,1.0990139461060884,22.606924643584524,-0.9438944908638564,30.0,0.6082239803272842,4,42.70196877121521,0.0,3.2613713509843865,1.8667550694041892,17.89986422267482,1.5296065513316617,0.00258233237972,32.538357094365246,17.899864222674815,1.4479885111323352,0.2564492054818928,0.9910312089651148,2.3585488626874125,0.2928560302339025,629,333,53.27488523845121,5.2928968090790125,8.227244755470611,0.028888557457444283,0.0,8.227244755470611,0.03047421456026,5.2928968090790125,0.6777315757939906,20.0,1.5390345832497478,41.25937202912456,3,3.125,1.5296065513316617,0.4894772572980312,0.506449422946368,0.6012886776675508,0.19342354382447927,0.6719876165083715,,0.2302758889602379,,,0.5207060420909708,0.4881194840461643,0.2302758889602379,0.19342354382447927,0.5207060420909708,0.6719876165083715,0.4881194840461643,0.24500740673149984,0.2336054769068532,0.6599986009904834,0.24500740673149984,0.5810647503679196,,0.572980312287848,0.5552950487800741,,0.24500740673149984,0.6012886776675508,0.6719876165083715,,0.4894772572980312,,0.19342354382447927,0.6012886776675508,0.4894772572980312,0.0,0.551255940257977,0.14890873693558304,,0.6599986009904834,0.6798006519603141,0.6599986009904834,0.5207060420909708,0.2302758889602379,0.4881194840461643,,23
balance-scale (1),26795,625,5,3,0,4,0,3.0,0.0,1,,,,3.0,3,,-1.3007984392499798,1.4153462926807447,,20.0,0.0,0.008,,-1.3007984392499752,0.0,0.6971153846153846,0.0,7.84,-1.3007984392499787,0.0,,3,46.08,0.0,3.0,,3.0,-1.3007984392499718,,3.0,3.0,,0.0,0.0,1.4153462926807447,-1.3007984392499752,288,49,,1.4153462926807447,1.4153462926807447,,0.0,1.4153462926807447,,1.4153462926807447,0.0,80.0,1.318116246441582,,0,3.0,-1.300798439249971,0.1984,0.10400000000000001,0.834430637982196,0.6257317781650802,0.8525668273986152,,0.6373963655418936,,,0.2144,0.2144,0.6373963655418936,0.6257317781650802,0.2144,0.8525668273986152,0.2144,0.602373887240356,0.8071216617210683,0.8406824596109461,0.602373887240356,0.9232008696010552,,0.376,0.6469194362017804,,0.602373887240356,0.834430637982196,0.8525668273986152,,0.1984,,0.6257317781650802,0.834430637982196,0.1984,0.3026706231454006,0.1648,0.7027931671283473,,0.8406824596109461,0.9630951121002308,0.8406824596109461,0.2144,0.6373963655418936,0.2144,,11
mfeat-fourier (1),35327,2000,77,10,0,76,0,0.37731057175,0.7107847694791952,1,,,,0.07169202572000001,10,,-1.1252793103314485,0.03755549891733618,,1.2987012987012987,0.5447006835842777,0.0385,,0.06302301358113738,-0.12062462029872045,0.9954977488744372,1.029985534649324,10.0,-0.17890148800194938,0.0,,10,10.0,0.0,0.08632613466250001,,0.13203208401769734,0.4381040236923678,,0.15576810663375,0.1064998764125,,0.4089907636277701,0.0,0.04270430540290948,0.11900628082326806,200,200,,0.05275929753572176,0.08633520114293441,,0.0,0.17623067063193093,,0.0671079516668835,0.5542281675523084,98.7012987012987,3.3219280948873617,,0,10.0,1.9949226202588048,0.254,0.2465,0.7913888888888889,0.5827777777777778,0.9261233333333332,,0.7177777777777777,,,0.3755,0.2845,0.7177777777777777,0.5827777777777778,0.3755,0.9261233333333332,0.2845,0.6838888888888889,0.7261111111111109,0.8794304166666665,0.6838888888888889,0.8825091666666666,,0.8045,0.72435,,0.6838888888888889,0.7913888888888889,0.9261233333333332,,0.254,,0.5827777777777778,0.7913888888888889,0.254,0.10611111111111113,0.2115,0.765,,0.8794304166666665,0.9626375,0.8794304166666665,0.3755,0.7177777777777777,0.2845,,14
breast-w (1),25224,699,10,2,16,9,16,4.417739628040058,1.6183199462985358,1,,,,1.589413447782546,2,,-0.7988441354436415,1.7150779425067932,,10.0,1.4774886667310891,0.014306151645207441,,0.18462131150511896,0.5928585326862892,0.6318051575931232,3.560657844495268,34.47782546494993,-0.3083522161398966,10.0,,2,65.52217453505007,2.28898426323319,2.8369098712446337,,3.1357041002822355,1.57850674634774,,3.49121208503258,3.2074391988555093,,1.0449923682055795,0.0,2.3263320694866376,1.6841150960407236,458,241,,2.8553792392170094,3.0525465017834734,,0.22889842632331905,3.6438571604929035,,2.7510805456186183,1.2331365579617042,90.0,0.9293179372497984,,1,2.0,12.6578780670256,0.055793991416309016,0.04005722460658083,0.9516904855835366,0.901745269544162,0.952780445378608,,0.876873811577773,,,0.044349070100143065,0.055793991416309016,0.876873811577773,0.901745269544162,0.044349070100143065,0.952780445378608,0.055793991416309016,0.8756551129599474,0.9125445722405428,0.9269600826251608,0.8756551129599474,0.9752215115330954,,0.08869814020028613,0.9249080432694924,,0.8756551129599474,0.9516904855835366,0.952780445378608,,0.055793991416309016,,0.901745269544162,0.9516904855835366,0.055793991416309016,0.8107527445175151,0.04291845493562232,0.904444667219554,,0.9269600826251608,0.9883078465880972,0.9269600826251608,0.044349070100143065,0.876873811577773,0.055793991416309016,,15
mfeat-karhunen (1),36282,2000,65,10,0,64,0,2.8911711242900013,0.0591765364965291,1,,,,-1.81970727405,10,,-0.944709265915264,0.8923441138647591,,1.5384615384615383,-0.004285662607736754,0.0325,,-0.017345885787890536,-0.3391130927319128,0.9954977488744372,0.4187220480956684,10.0,-0.14952953711034322,0.0,,10,10.0,0.0,-0.29841679518749986,,0.053084739246640686,0.07165494057478039,,0.3324611388650001,0.004483087817499814,,-0.10420201025097076,0.0,1.1438482801014436,-0.04565484575249607,200,200,,1.6476505065816718,2.6614803695239697,,0.0,7.691305182325388,,2.1526628287026788,-0.020815908469464902,98.46153846153848,3.3219280948873617,,0,10.0,0.580942601366925,0.2105,0.068,0.83,0.6599999999999999,0.922776527777778,,0.7661111111111111,,,0.306,0.2055,0.7661111111111111,0.6599999999999999,0.306,0.922776527777778,0.2055,0.7716666666666666,0.9244444444444444,0.8933529166666667,0.7716666666666666,0.9722748611111109,,0.8045,0.6936666666666667,,0.7716666666666666,0.83,0.922776527777778,,0.2105,,0.6599999999999999,0.83,0.2105,0.10611111111111113,0.05,0.9444444444444444,,0.8933529166666667,0.9956313888888888,0.8933529166666667,0.306,0.7661111111111111,0.2055,,16
pendigits (1),34685,10992,17,10,0,16,0,85.12026928675397,0.44735729477907227,1,,,,28.845342066957787,10,,-1.6857931744696484,16.218570675493947,,5.882352941176469,-0.03919608212030848,0.0015465793304221252,,-0.7839021550500958,-1.4911828752029317,0.10290237467018468,0.948264683112214,9.597889374090249,-1.1972600845920125,0.0,,10,10.407569141193596,0.0,35.90636371906841,,50.711045533115005,-0.260617128652207,,59.60441684861714,48.52893013100446,,-0.4250896848780795,0.0,26.506410017106628,-0.501042935533417,1144,1055,,30.2414923899796,34.22721936799061,,0.0,41.76039983312041,,29.774238237334853,0.08645947162697144,94.11764705882351,3.3207717388905955,,0,10.0,3.0507472845475934,,,,,,,,,,,,,,,,,,,,,,,,,,,,,,,,,,,,,,,,,,,,,,32
optdigits (1),33804,5620,65,10,0,64,0,11.989679715302493,4.0666119739712565,1,,,,0.0,10,,-1.646519852942154,0.0,,1.5384615384615383,5.451185659375441,0.011565836298932384,,0.07721647432773547,-1.3029924517157276,0.09254315714539954,52.99527777138423,9.8576512455516,-1.3729913768757025,0.0,,10,10.177935943060499,0.0,0.26103202846975304,,4.9112433274021345,20.296405116214235,,9.04915480427047,4.565569395017791,,-0.32992700595175056,0.0,0.9671170904003789,168.55386930105925,572,554,,4.301746897924311,5.86637152935096,,0.0,6.518238490323084,,3.686292464928632,0.5599451157139905,98.46153846153848,3.3218327248667654,,0,10.0,2807.4985758153466,0.11583629893238435,0.0905693950177936,0.9103348207835921,0.8206798583827717,0.956425400938372,,0.8712880928662626,,,0.1613879003558719,0.14323843416370108,0.8712880928662626,0.8206798583827717,0.1613879003558719,0.956425400938372,0.14323843416370108,0.8408389053730106,0.8993684540095387,0.9437785420246294,0.8408389053730106,0.9906156691456128,,0.8017793594306051,0.6854786317523011,,0.8408389053730106,0.9103348207835921,0.956425400938372,,0.11583629893238435,,0.8206798583827717,0.9103348207835921,0.11583629893238435,0.10895524656780008,0.016903914590747332,0.9812174550809054,,0.9437785420246294,0.9840879237555248,0.9437785420246294,0.1613879003558719,0.8712880928662626,0.14323843416370108,,28
diabetes (1),200305,768,9,2,0,8,0,120.89453125,1.7223324750165232,1,,,,0.4718763020833333,2,,-0.5200718661530077,0.3313285950127748,,11.111111111111109,0.5292461289375233,0.01171875,,1.9668008946784572,-1.8436079833551309,0.5501955671447197,2.2722508584315686,34.89583333333333,0.2796097882539714,11.111111111111109,,2,65.10416666666666,0.0,8.017903645833334,,44.98579117838542,5.491254286007905,,77.1259765625,32.61673177083334,,-0.29439306721970576,0.0,4.4982236271180085,2.775362395442404,500,268,,13.856224554203179,28.818415439013357,,0.0,115.24400235133837,,25.7337429754516,0.5377137404718786,88.8888888888889,0.9331343166407832,,1,2.0,7.214259554348852,0.26953125,0.24088541666666666,0.6644477611940298,0.32719605630456744,0.7629141791044775,,0.3816473224009708,,,0.3072916666666667,0.2825520833333333,0.3816473224009708,0.32719605630456744,0.3072916666666667,0.7629141791044775,0.2825520833333333,0.3517752123720321,0.4581235697940504,0.7186641791044776,0.3517752123720321,0.6434029850746269,,0.2721354166666667,0.7111194029850746,,0.3517752123720321,0.6644477611940298,0.7629141791044775,,0.26953125,,0.32719605630456744,0.6644477611940298,0.26953125,0.3910589092233453,0.3098958333333333,0.2960315504067045,,0.7186641791044776,0.8082686567164178,0.7186641791044776,0.3072916666666667,0.3816473224009708,0.2825520833333333,,37
sick (1),19125,3772,30,2,6064,7,3772,110.46964865662822,4.937524038925616,23,0.0,0.4759318019149815,0.0005017739084375,0.9949997045790252,1,0.06006915971583,4.073471498748956,0.1954572751132881,0.33755530471128503,76.66666666666667,3.5691918824691085,0.007953340402969244,0.0033491752406775003,8.871303806575769,1.2326742385072782,0.8865022540440202,13.882652755041704,6.1240721102863205,5.9821970432320635,70.0,0.0987401719719687,5,93.8759278897137,100.0,1.7588748012696314,1.5206899125074091,46.43668969641138,90.94248810329344,0.0,108.85692077754308,28.41132258295655,0.2593748523170293,1.2589465934783108,0.6683115412781179,0.6694399621432919,51.41313506551009,3541,231,64.92919423455585,22.3032143933016,33.71833515687218,0.005118661327160454,5.358784022622834,35.604247607641,0.0012904418271900001,19.05387758896556,1.5381528946217138,23.33333333333333,0.3323505555321105,64.94601266549154,21,2.0869565217391304,238.18146237806357,0.02518557794273595,0.07423117709437964,0.785261166486192,0.6522624425320754,0.9591373043787615,,0.7759719718017525,,,0.03658536585365853,0.014050901378579004,0.7759719718017525,0.6522624425320754,0.03658536585365853,0.9591373043787615,0.014050901378579004,0.8712870012207119,0.5196307538926299,0.9288636149692348,0.8712870012207119,0.7895585540318668,,0.0344644750795334,0.9322127557089432,,0.8712870012207119,0.785261166486192,0.9591373043787615,,0.02518557794273595,,0.6522624425320754,0.785261166486192,0.02518557794273595,0.7420165388043194,0.041092258748674435,0.6153785428776684,,0.9288636149692348,0.9218669472206809,0.9288636149692348,0.03658536585365853,0.7759719718017525,0.014050901378579004,,38
mnist_784 (1),13219,70000,785,10,0,784,0,140.0150571428567,23.9395831120118,1,,,,0.0,10,,-1.8254292785726656,0.0,,0.12738853503184713,31.079435593429213,0.011214285714285715,,16.22683706266253,-0.2354966023099805,0.09564422348890697,264.57513110807787,9.018571428571429,-1.0297320016722729,0.0,,10,11.252857142857142,0.0,0.1205821428571454,,33.38596474125363,623.0827644398203,,69.33461785714293,7.196049999999808,,0.8744121903751375,0.0,4.670545729236738,4894.714442707244,7877,6313,,36.76581916163219,100.84850801763851,,0.0,113.88629683929352,,49.25570412611296,4.1349073968131735,99.87261146496814,3.3198370254034137,,0,10.0,70000.00000000247,0.13245714285714286,0.3000142857142857,0.8806813200173884,0.7610073553514332,0.9597205371114488,,0.8527729816031412,,,0.2150142857142857,0.14168571428571428,0.8527729816031412,0.7610073553514332,0.2150142857142857,0.9597205371114488,0.14168571428571428,0.8425153284961173,0.6663891986793616,0.9299296960617288,0.8425153284961173,0.9816188217574184,,0.7950428571428572,0.6596630958148316,,0.8425153284961173,0.8806813200173884,0.9597205371114488,,0.13245714285714286,,0.7610073553514332,0.8806813200173884,0.13245714285714286,0.11052914645302328,0.03307142857142857,0.9632397138736942,,0.9299296960617288,0.9373063199661559,0.9299296960617288,0.2150142857142857,0.8527729816031412,0.14168571428571428,,554
analcatdata_dmft (1),26667,797,5,6,0,0,0,,,5,0.9995900071849526,2.9494788749394134,0.014714939644734996,,2,0.06165879105093001,,,2.016975283182629,100.0,,0.006273525721455458,0.0603304101565475,,,0.993718592964824,,15.432873274780428,,20.0,1.1087927619842357,9,19.44792973651192,0.0,,3.083002700297088,,,0.00469017722262,,,1.9926542126242377,,2.8809720581775866,,,155,123,61.62421451844615,,,0.0418708656645075,0.0,,0.05056724719224,,,0.0,2.5802592077826514,47.17132990141042,1,5.4,,0.8055207026348808,0.7678795483061479,0.5175101714123479,0.04096520974866374,0.5338262069030021,,0.031950840204176635,,,0.8005018820577164,0.8205771643663741,0.031950840204176635,0.04096520974866374,0.8005018820577164,0.5338262069030021,0.8205771643663741,0.013378610123678334,0.0775986293442865,0.5338517214607543,0.013378610123678334,0.5215002243317042,,0.8042659974905897,0.5419986240585961,,0.013378610123678334,0.5175101714123479,0.5338262069030021,,0.8055207026348808,,0.04096520974866374,0.5175101714123479,0.8055207026348808,0.040278555299651714,0.8055207026348808,0.034568250643874004,,0.5338517214607543,0.562494963292207,0.5338517214607543,0.8005018820577164,0.031950840204176635,0.8205771643663741,,469
kc1 (1),159209,2109,22,2,0,21,0,5242.386239924155,4.706421340727173,1,,,,0.08673779042200101,2,,1.2413950208681674,0.17550652636316466,,4.545454545454546,4.203178136828403,0.010431484115694644,,22.422776708097334,1.1407658504141105,0.9990512333965844,8.789034149895826,15.457562825983878,12.284905644252186,4.545454545454546,,2,84.54243717401611,0.0,1.7170222854433477,,285.09691661586515,36.53033082841476,,26.14189426268393,7.631673779042244,,2.8698116956699784,0.0,3.2305652323985976,31.85339193107304,1783,326,,7.863645549059787,41.92522717121333,,0.0,17444.98121137856,,915.455014376506,3.737101378557055,95.45454545454544,0.6211733422333798,,1,2.0,103.07904520134113,0.15647226173541964,0.17449027975343764,0.6404083900780722,0.3113191316041728,0.7649357084117553,,0.2604340674054145,,,0.1763869132290185,0.14414414414414414,0.2604340674054145,0.3113191316041728,0.1763869132290185,0.7649357084117553,0.14414414414414414,0.18493789806892894,0.3008403119099438,0.7072599430889553,0.18493789806892894,0.7470447488121043,,0.15457562825983878,0.7123747114018215,,0.18493789806892894,0.6404083900780722,0.7649357084117553,,0.15647226173541964,,0.3113191316041728,0.6404083900780722,0.15647226173541964,0.0,0.1512565196775723,0.3504547881404616,,0.7072599430889553,0.7895503283577173,0.7072599430889553,0.1763869132290185,0.2604340674054145,0.14414414414414414,,1067
kc2 (1),174308,522,22,2,0,21,0,18542.991628352487,12.276348915524734,1,,,,0.18896551724137944,2,,1.99185469826576,0.27560890469343136,,4.545454545454546,8.953093281768092,0.0421455938697318,,139.5503968851246,1.0464801419245156,0.9942418426103646,16.788705242312474,20.49808429118774,43.9805869639595,4.545454545454546,,2,79.50191570881226,0.0,3.0486590038314123,,977.8936991424921,199.21320016550885,,47.31743295019163,9.735287356321844,,5.476205868149483,0.0,6.5125917522859265,130.1084304346329,415,107,,21.942778727265353,116.69468060040823,,0.0,113271.21645142234,,5875.729587941181,10.083296475235246,95.45454545454544,0.7317786193052257,,1,2.0,321.2559116074304,0.1839080459770115,0.17049808429118773,0.6369102578538453,0.3828053662990799,0.777750253349848,,0.3395366001528849,,,0.19348659003831414,0.15900383141762453,0.3395366001528849,0.3828053662990799,0.19348659003831414,0.777750253349848,0.15900383141762453,0.40732127711964095,0.4092770134526866,0.7286003828397702,0.40732127711964095,0.6620200427879742,,0.19731800766283525,0.7307397815561311,,0.40732127711964095,0.6369102578538453,0.777750253349848,,0.1839080459770115,,0.3828053662990799,0.6369102578538453,0.1839080459770115,0.4008291171685203,0.19540229885057472,0.3877325728479107,,0.7286003828397702,0.8144119500884621,0.7286003828397702,0.19348659003831414,0.3395366001528849,0.15900383141762453,,1063
vehicle (1),28647,846,19,4,0,18,0,439.9113475177304,0.7893031363119141,1,,,,6.377068557919621,4,,-0.9784712963069796,2.5921383276847254,,5.263157894736842,1.0415777283622756,0.02245862884160757,,-0.4416545158050929,-0.22634128032982506,0.2579881656804734,6.778393619108969,23.52245862884161,-0.7809324382806175,0.0,,4,25.768321513002363,0.0,35.846040189125304,,117.63494877856579,0.1641613631458576,,178.18380614657207,87.88356973995272,,0.2544045720298823,0.0,6.1683865439713825,5.153140516514768,218,199,,8.06136271270135,31.68274986931649,,0.0,176.69261361302284,,22.770839172096306,0.4982427339460336,94.73684210526315,1.9990667655343637,,0,4.0,58.37545547363169,0.3191489361702128,0.5449172576832151,0.7905275081688949,0.5820719121901752,0.8786505597009364,,0.5743705558785386,,,0.3132387706855792,0.3167848699763593,0.5743705558785386,0.5820719121901752,0.3132387706855792,0.8786505597009364,0.3167848699763593,0.5772957352598461,0.27869634693062273,0.8287300415025641,0.5772957352598461,0.7865899875047911,,0.5957446808510638,0.6492864709981353,,0.5772957352598461,0.7905275081688949,0.8786505597009364,,0.3191489361702128,,0.5820719121901752,0.7905275081688949,0.3191489361702128,0.2121027335369673,0.3191489361702128,0.5741729817398842,,0.8287300415025641,0.7665561841837499,0.8287300415025641,0.3132387706855792,0.5743705558785386,0.3167848699763593,,54
electricity (1),106103,45312,9,2,0,7,0,0.5005263909118922,9.073261555361203,2,2.8073500566367198,2.8073500566367198,0.00250816956442,0.003467033898305084,2,0.00250816956442,-1.3181374046729744,0.010213038212794926,2.8073500566367198,22.222222222222218,12.61811270257642,0.00019862288135593224,0.00250816956442,-0.0865740098467982,-0.1658145257949275,0.8533027300214076,78.68700692524223,42.45453742937853,-1.2010420764720149,11.111111111111109,2.8073500566367198,7,57.545462570621474,0.0,0.05786831013859451,2.8073500566367198,0.34418203759016736,158.5274187198276,0.00250816956442,0.5,0.4254178952595339,2.8073500566367198,-0.09773906854937364,3.5355339059327378,0.039990768954022086,1029.1705407841011,26075,19237,392.1223686617617,0.15337339113662127,0.2947563828038936,0.00250816956442,0.0,0.34030772179030466,0.00250816956442,0.1604184803668048,0.1595328979048169,77.7777777777778,0.9835093906057096,1118.2824027772233,1,4.5,7047.774287853668,0.2383915960451977,0.2705905720338983,0.8511751328523538,0.7010577396363374,0.9129948613427772,,0.4983533306491808,,,0.14607609463276836,0.140625,0.4983533306491808,0.7010577396363374,0.14607609463276836,0.9129948613427772,0.140625,0.7116925828643641,0.4058073423490147,0.8038644867365946,0.7116925828643641,0.7709704926552979,,0.2444385593220339,0.7305166901571064,,0.7116925828643641,0.8511751328523538,0.9129948613427772,,0.2383915960451977,,0.7010577396363374,0.8511751328523538,0.2383915960451977,0.4784351795172385,0.22309763418079093,0.5427363472523162,,0.8038644867365946,0.7891505747800418,0.8038644867365946,0.14607609463276836,0.4983533306491808,0.140625,,151
satimage (1),27180,6430,37,6,0,36,0,-0.0001263297045101948,0.6744458273485395,1,,,,-0.0008629685847589661,6,,-0.919828238780768,0.99963874376075,,2.702702702702702,0.04046023385100257,0.005754276827371696,,-0.4798469406404684,-0.6740118722728707,0.18743194898117904,0.91949549901627,9.720062208398133,-0.8393811657498382,0.0,,6,23.810264385692072,0.0,-0.0007437709953344221,,-0.0005560885260065659,0.8509747335126359,,-0.0003569454121306532,-0.0005980934681181398,,-0.5170961259457099,0.0,0.9999476046671038,-0.15411688047872,1531,625,,1.0000052923046026,1.0001949690399905,,0.0,1.0002882819750798,,1.0000219953862926,-0.0399749828019159,97.2972972972973,2.4833618760456604,,0,6.0,1.277985361665814,0.14836702954898912,0.20326594090202174,0.8991170554983932,0.7945482122759002,0.962333455035218,,0.8167814524247422,,,0.16625194401244167,0.15349922239502334,0.8167814524247422,0.7945482122759002,0.16625194401244167,0.962333455035218,0.15349922239502334,0.8100028845003834,0.7513714566665727,0.9273091445992578,0.8100028845003834,0.9355091276480466,,0.563452566096423,0.710936921295261,,0.8100028845003834,0.8991170554983932,0.962333455035218,,0.14836702954898912,,0.7945482122759002,0.8991170554983932,0.14836702954898912,0.26828644698090565,0.10762052877138413,0.8673837948848537,,0.9273091445992578,0.9605992160078024,0.9273091445992578,0.16625194401244167,0.8167814524247422,0.15349922239502334,,182
splice (1),22842,3190,61,3,0,0,0,,,61,1.667986901904802,1.9985747676028531,0.008114095339065,,3,0.38964063813375005,,,1.9780144516767608,100.0,,0.01912225705329153,0.06388006173431,,,0.9993728441517716,,24.043887147335425,,0.0,1.986921112054029,6,51.88087774294671,0.0,,2.0085632801967237,,,0.00239174071595,,,1.9958149659372768,,0.5371448502628821,,,1655,767,26.31321143770441,,,0.056251973390548826,0.0,,0.012445557396825,,,0.0,1.4801700696136335,34.16346774083301,0,4.754098360655737,,0.06363636363636363,0.047021943573667714,0.7723490181560075,0.5030951953788269,0.9624981083963462,,0.8978122508210037,,,0.3119122257053292,0.09435736677115987,0.8978122508210037,0.5030951953788269,0.3119122257053292,0.9624981083963462,0.09435736677115987,0.8488820745392759,0.9235168869438932,0.9645392222677036,0.8488820745392759,0.8617257940278134,,0.3761755485893417,0.7717484305673256,,0.8488820745392759,0.7723490181560075,0.9624981083963462,,0.06363636363636363,,0.5030951953788269,0.7723490181560075,0.06363636363636363,0.4122311203046818,0.2689655172413793,0.5976262917909895,,0.9645392222677036,0.9928619979725506,0.9645392222677036,0.3119122257053292,0.8978122508210037,0.09435736677115987,,46
tic-tac-toe (1),385258,958,10,2,0,0,0,,,10,1.4706284549040332,1.5647795093873218,0.007005142665979999,,2,0.08718670223057,,,1.5380365413865855,100.0,,0.010438413361169102,0.01355667250927,,,0.9989550679205852,,34.65553235908142,,10.0,1.5281455950064875,3,65.34446764091858,0.0,,1.5647795093873218,,,0.007005142665979999,,,1.5281455950064875,,0.31622776601683794,,,626,332,49.45045096797421,,,0.01882599588128556,0.0,,0.01355667250927,,,0.0,0.930953986250796,80.69748634203775,1,2.9,,0.23903966597077245,0.2870563674321503,0.7703626005619924,0.4979274858259087,0.8254263058624274,,0.4192217886471576,,,0.22964509394572025,0.2035490605427975,0.4192217886471576,0.4979274858259087,0.22964509394572025,0.8254263058624274,0.2035490605427975,0.5296140926922863,0.314300141070155,0.7435139920705185,0.5296140926922863,0.9962734323876976,,0.3006263048016701,0.6678422957003733,,0.5296140926922863,0.7703626005619924,0.8254263058624274,,0.23903966597077245,,0.4979274858259087,0.7703626005619924,0.23903966597077245,0.33996784812064595,0.028183716075156576,0.9367427892257802,,0.7435139920705185,0.7461459255552562,0.7435139920705185,0.22964509394572025,0.4192217886471576,0.2035490605427975,,50
spambase (1),158566,4601,58,2,0,57,0,283.28928493805716,13.646188094980593,1,,,,0.005444468593783957,2,,5.257394367988116,0.07627427063724908,,1.7241379310344829,11.186639096029253,0.012605955227124538,,127.37652934849571,1.5916742687064245,0.9997826086956522,31.062064279039635,39.404477287546186,50.655931063002996,1.7241379310344829,,2,60.59552271245382,0.0,0.06479352314714121,,6.150770191072138,299.0723734257733,,0.2441306237774391,0.10285155400999912,,5.850723015066143,0.0,0.31695822185668954,241.17001865177312,2788,1813,,0.4440553289821315,0.8437450862048406,,0.0,606.3478507248471,,15.193997694546747,9.724847529978312,98.27586206896551,0.9673602371807668,,1,2.0,1480.642050286291,0.08563355792219082,0.20234731580091286,0.8911774993451567,0.781973609246172,0.9386679853220128,,0.8208876445659258,,,0.10410780265159747,0.10345577048467723,0.8208876445659258,0.781973609246172,0.10410780265159747,0.9386679853220128,0.10345577048467723,0.7807805902062573,0.605321391923295,0.9397314627894664,0.7807805902062573,0.8937334657000572,,0.20930232558139536,0.7941574124705914,,0.7807805902062573,0.8911774993451567,0.9386679853220128,,0.08563355792219082,,0.781973609246172,0.8911774993451567,0.08563355792219082,0.549772420190581,0.10736796348619863,0.775167746729542,,0.9397314627894664,0.93523126498161,0.9397314627894664,0.10410780265159747,0.8208876445659258,0.10345577048467723,,44
isolet (1),48150,7797,618,26,0,617,0,0.8118613569321528,0.505854095594404,1,,,,-0.9855127356675644,26,,-1.4737498885033402,0.05492585270340472,,0.16181229773462785,0.44206745255136376,0.07926125432858792,,-0.330167859367446,-2.3670362287960733,0.30002565418163163,10.771901703245778,3.821982813902783,-0.7373204127841801,0.0,,26,3.8476337052712575,0.0,-0.1437013851481339,,0.06479603695807032,0.3687956928645197,,0.4174467615749648,0.20226894959599845,,-0.5845181836345901,0.0,0.3400152292895469,3.605662565275764,300,298,,0.4059640538802009,0.4943557912221344,,0.0,0.9401132093590072,,0.4140807323633421,-0.08674343383154731,99.83818770226536,4.700438279876528,,0,26.0,136.53558205054384,0.1945620110298833,0.169167628575093,0.7985895253272975,0.5971784318994164,0.9534790861116854,,0.7976556066502876,,,0.3873284596639733,0.22624086186995,0.7976556066502876,0.5971784318994164,0.3873284596639733,0.9534790861116854,0.22624086186995,0.7647093963693292,0.824065372368799,0.9139778848716708,0.7647093963693292,0.9241334170882464,,0.9239451070924716,0.7284550798857298,,0.7647093963693292,0.7985895253272975,0.9534790861116854,,0.1945620110298833,,0.5971784318994164,0.7985895253272975,0.1945620110298833,0.03908229958650127,0.1442862639476722,0.8499423377242701,,0.9139778848716708,0.9808943771196216,0.9139778848716708,0.3873284596639733,0.7976556066502876,0.22624086186995,,300
vowel (2),25626,990,13,11,0,10,0,1.8817636363636359,0.25062290775439544,3,0.9967916319816366,3.9068905956085183,0.0,-3.203740404040404,2,0.0,-0.7621395184642852,0.4619268381513197,2.4518411137950773,23.07692307692308,0.09111527285062523,0.013131313131313131,0.0,-0.4260993974785193,-0.20615204556382144,0.0,0.3570604221210384,9.090909090909092,-0.5598569198966739,7.6923076923076925,0.9967916319816366,15,9.090909090909092,0.0,-0.356185606060606,3.9068905956085183,-0.10318040404040407,-0.2425576154406399,0.0,0.5441732323232322,-0.03785202020202025,2.4518411137950773,-0.006222604957687408,6.6583281184793925,0.5725169123224305,-0.3914272150168464,90,90,,0.6342938790535619,0.7866928081860705,0.0,0.0,1.1752720041815217,0.0,0.699331810942439,0.06013385313957623,76.92307692307693,3.459431618637298,,1,9.333333333333334,0.1524368802477145,0.3050505050505051,0.4161616161616162,0.8475173961840627,0.68,0.8406290684624018,,0.6644444444444445,,,0.2909090909090909,0.6393939393939394,0.6644444444444445,0.68,0.2909090909090909,0.8406290684624018,0.6393939393939394,0.29666666666666663,0.5422222222222222,0.8608742985409651,0.29666666666666663,0.957222222222222,,0.8242424242424242,0.6774680134680136,,0.29666666666666663,0.8475173961840627,0.8406290684624018,,0.3050505050505051,,0.68,0.8475173961840627,0.3050505050505051,0.09333333333333332,0.07777777777777778,0.9144444444444444,,0.8608742985409651,0.9447710437710438,0.8608742985409651,0.2909090909090909,0.6644444444444445,0.6393939393939394,,307
eucalyptus (1),26402,736,20,5,448,14,95,2054.7393689986247,0.9548948008878528,6,2.5810641739409617,4.009738246275191,0.32331236253055495,-2.584239130434784,5,0.42753276429854,-1.8878025968703391,0.4931878447628522,3.462636306052905,30.0,2.5514530161151767,0.02717391304347826,0.42596498377969505,0.4289115082721384,-0.6970908724266737,0.39319727891156464,27.10927084622969,14.266304347826084,-0.4961422376730956,0.0,2.908861461974274,27,29.076086956521745,12.907608695652172,2.882908545727137,4.23736375576356,390.0868288072735,1.3641239688052669,0.24650313929826004,403.0027173913041,6.249602617058817,3.475982113765597,-0.3960800165047112,7.659416862050705,0.7785027891812909,62.86596625813314,214,105,5.9334684401020565,1.3465996573398586,80.61760056258042,0.38124136721444607,3.0434782608695654,1551.7798185802085,0.40765214345173,172.61081562461396,0.11119478923130877,70.0,2.262083620428274,8.082530396301912,0,13.666666666666664,734.9416211795777,0.4184782608695653,0.4510869565217392,0.7219508813313532,0.3915134670419616,0.7171370640805235,,0.4637307109078737,,,0.4769021739130434,0.5557065217391305,0.4637307109078737,0.3915134670419616,0.4769021739130434,0.7171370640805235,0.5557065217391305,0.2672017371533179,0.4274118336262449,0.8239493966657213,0.2672017371533179,0.7018152602695222,,0.5054347826086957,0.7519401667350958,,0.2672017371533179,0.7219508813313532,0.7171370640805235,,0.4184782608695653,,0.3915134670419616,0.7219508813313532,0.4184782608695653,0.30247986100142155,0.4660326086956522,0.4022862229967136,,0.8239493966657213,0.8520788174118736,0.8239493966657213,0.4769021739130434,0.4637307109078737,0.5557065217391305,,188
pc1 (1),147871,1109,22,2,0,21,0,28822.882380523,8.41665120804005,1,,,,0.12941388638412984,2,,13.730107138742545,0.1469519403318078,,4.545454545454546,8.008505554819505,0.01983769161406673,,90.7165118075385,2.172210812602952,0.9981949458483754,18.550221072780666,6.943192064923355,56.28845420032504,4.545454545454546,,2,93.05680793507663,0.0,4.008746618575299,,1500.9949675812618,113.15687940288026,,58.69765554553661,15.396266907123534,,5.650796484562278,0.0,7.292111258862488,116.04528058633095,1032,77,,16.54067599865951,99.00596250867235,,0.0,170643.60332778358,,8678.609588564534,7.428331461257432,95.45454545454544,0.3638001053192342,,1,2.0,410.48838673995436,0.06762849413886382,0.11000901713255183,0.6027572233967583,0.21351574386878835,0.6945346320346321,,0.1059624004385544,,,0.09918845807033363,0.07484220018034267,0.1059624004385544,0.21351574386878835,0.09918845807033363,0.6945346320346321,0.07484220018034267,0.03050251203353649,0.2147442222196429,0.7522337158965066,0.03050251203353649,0.7022299406020337,,0.06943192064923355,0.7274111547367361,,0.03050251203353649,0.6027572233967583,0.6945346320346321,,0.06762849413886382,,0.21351574386878835,0.6027572233967583,0.06762849413886382,0.0,0.07303877366997295,0.4099630196462237,,0.7522337158965066,0.6869372008416716,0.7522337158965066,0.09918845807033363,0.1059624004385544,0.07484220018034267,,1068
credit-approval (1),24246,690,16,2,67,6,37,1017.3855072463792,7.149553646695756,10,0.5010395545266964,1.39388043097786,0.005378837210200001,2.2234057971014503,2,0.42570942667282996,1.1192361294529984,3.3465133592781324,1.2537639123535842,62.5,4.423867143578692,0.02318840579710145,0.13272286566341002,15.348780875597205,1.1458915555559273,0.9782293178519592,13.140655014445356,44.49275362318841,1.9853254475312268,31.25,0.8162006158245964,14,55.5072463768116,5.36231884057971,2.3558514492753657,3.4964402118046265,207.0584299702253,91.78956656083423,0.0006029571694,392.35745509815314,18.16344786456329,0.9847953334568664,1.403082732387671,4.049691346263318,4.48383336548978,49.93170391116704,383,307,10.987754965826467,8.468012873399704,1432.8807257446026,0.09021232289819224,0.6068840579710145,5210.1025983026975,0.02960326183246,901.5091409447066,2.8076616546800306,37.5,0.9912308989033524,12.897922945277676,5,4.2,214.66997242752774,0.14347826086956522,0.21594202898550724,0.7672209006951606,0.491050063039805,0.8857766135685188,,0.7101750574897961,,,0.2492753623188406,0.14492753623188406,0.7101750574897961,0.491050063039805,0.2492753623188406,0.8857766135685188,0.14492753623188406,0.7105146127188972,0.5492647768025463,0.8776120291543702,0.7105146127188972,0.8184187921517933,,0.14492753623188406,0.8590375996121823,,0.7105146127188972,0.7672209006951606,0.8857766135685188,,0.14347826086956522,,0.491050063039805,0.7672209006951606,0.14347826086956522,0.7116180318139644,0.1782608695652174,0.6382815496739548,,0.8776120291543702,0.8940115780808026,0.8776120291543702,0.2492753623188406,0.7101750574897961,0.14492753623188406,,29
PhishingWebsites (1),50472,11055,31,2,0,0,0,,,31,0.2561389659388827,0.9956082833423578,0.001051012802985,,2,0.49948275653695,,,0.8349962447495504,100.0,,0.002804161013116237,0.0397568479047425,,,0.5140220734575719,,44.30574400723655,,74.19354838709677,0.5710587174076079,3,55.69425599276345,0.0,,1.5804621985076048,,,5.321e-09,,,0.7003712324940401,,0.44480272297456935,,,6157,4898,19.057464686936786,,,0.05198088722790433,0.0,,0.004244512283695,,,0.0,0.99062392274143,15.063524292854098,23,2.2580645161290325,,,,,,,,,,,,,,,,,,,,,,,,,,,,,,,,,,,,,,,,,,,,,,,4534
blood-transfusion-service-center (1),464426,748,5,2,0,4,0,1378.6764705882335,3.2112654741848523,1,,,,5.514705882352952,2,,-0.2456311794024257,5.8393071230900295,,20.0,2.2631111929251735,0.0066844919786096255,,12.633750101130905,0.7494502906271294,0.7309236947791165,3.2112654741848643,23.79679144385027,2.1636136713782106,20.0,,2,76.20320855614973,0.0,6.512700534759368,,356.99498663101565,15.876151978541927,,1042.5778743315498,21.894385026737982,,1.0322036011463176,0.0,6.403329251142325,10.224505250350347,570,178,,16.23605500195668,1100.9642641715316,,0.0,1459.826780772504,,374.53454947487677,2.545864503444349,80.0,0.7916446298452329,,1,2.0,15.876151978542007,,,,,,,,,,,,,,,,,,,,,,,,,,,,,,,,,,,,,,,,,,,,,,1464
steel-plates-fault (3),7076,1941,28,7,0,27,0,1650738.7053065428,2.8111689562368927,1,,,,-0.13130504894384334,7,,-1.8563564132863728,0.05896116935205036,,3.571428571428571,3.7412473839787688,0.014425553838227715,,-0.04144810979215219,-0.9285824124769804,0.9969072164948454,39.29315840666627,2.8335909325090163,-1.1451434601009174,0.0,,7,34.67284904688305,0.0,0.5707671303451829,,130102.82519640494,11.357193596470216,,571.13601236476,1.4032713034518285,,-0.05630567708206869,0.0,0.2997117487365929,109.58603680278615,673,55,,0.5008680465381182,426.48287921776415,,0.0,1774590.0890002127,,150690.09152629806,0.6793387184952049,96.42857142857143,2.4106904422724407,,0,7.0,1663.0518475718168,,,,,,,,,,,,,,,,,,,,,,,,,,,,,,,,,,,,,,,,,,,,,,40982
credit-g (1),504985,1000,21,2,0,7,0,3271.257999999999,1.909444721297511,14,0.2283640258405646,1.8749120301493505,0.005310005973834999,1.1549999999999998,2,0.09473884155264,-1.3814485027493757,0.3620857717531919,1.433893225502841,66.66666666666666,0.9203791257169068,0.021,0.026504107544810005,0.9197813600546328,-0.5313481143125632,0.5695695695695696,1.9496276798326249,30.0,-1.2104731179379755,14.285714285714285,0.9089779148834296,10,70.0,0.0,1.4069999999999998,2.666677759851852,476.5838571428569,1.6492736936699308,0.0009636600149100001,35.54600000000001,2.9730000000000003,1.5321036281187237,-0.2725698140337198,2.0380986614602725,0.5776544682460991,0.9242775257981102,700,300,43.593036016305035,1.1187146743126737,12.058814452756392,0.02021632305905615,0.0,2822.73687596044,0.01275318647802,407.0476188282117,1.09418417155554,33.33333333333333,0.8812908992306927,69.92749860170595,3,4.0,4.292590308048502,0.273,0.248,0.6580238095238096,0.2781007751937982,0.7002928571428572,,0.3056968463886062,,,0.298,0.26899999999999996,0.3056968463886062,0.2781007751937982,0.298,0.7002928571428572,0.26899999999999996,0.222543352601156,0.3724696356275304,0.7208285714285714,0.222543352601156,0.649047619047619,,0.3,0.6647619047619048,,0.222543352601156,0.6580238095238096,0.7002928571428572,,0.273,,0.2781007751937982,0.6580238095238096,0.273,0.0,0.28600000000000003,0.3044747081712061,,0.7208285714285714,0.786047619047619,0.7208285714285714,0.298,0.3056968463886062,0.26899999999999996,,31
