id,attr_conc.mean,attr_conc.sd,attr_ent.mean,attr_ent.sd,attr_to_inst,can_cor.mean,can_cor.sd,cat_to_num,class_conc.mean,class_conc.sd,class_ent,cor.mean,cor.sd,cov.mean,cov.sd,eigenvalues.mean,eigenvalues.sd,eq_num_attr,freq_class.mean,freq_class.sd,g_mean.mean,g_mean.sd,gravity,h_mean.mean,h_mean.sd,inst_to_attr,iq_range.mean,iq_range.sd,joint_ent.mean,joint_ent.sd,kurtosis.mean,kurtosis.sd,mad.mean,mad.sd,max.mean,max.sd,mean.mean,mean.sd,median.mean,median.sd,min.mean,min.sd,mut_inf.mean,mut_inf.sd,nr_attr,nr_bin,nr_cat,nr_class,nr_cor_attr,nr_disc,nr_inst,nr_norm,nr_num,nr_outliers,ns_ratio,num_to_cat,range.mean,range.sd,sd.mean,sd.sd,sd_ratio,skewness.mean,skewness.sd,sparsity.mean,sparsity.sd,t_mean.mean,t_mean.sd,var.mean,var.sd,w_lambda
3,0.29356154799461365,0.38117334246635437,0.5104773044586182,0.4125944674015045,0.011264080100125156,0.7997997999191284,,0.0,0.26101863384246826,0.31228408217430115,0.9985755386554581,0.08060770481824875,0.09776972234249115,0.010701961815357208,0.018146488815546036,0.13260358572006226,0.15395432710647583,61.28926738573655,0.5,0.0314171239733696,,,0.7692281603813171,1.1566640978344367e-06,5.314755526342196e-06,88.77777777777777,0.3611111044883728,0.4871360957622528,1.4927600622177124,0.4024900794029236,110.92395782470703,531.0862426757812,0.0,0.0,1.0277777910232544,0.1666666567325592,0.7653403282165527,0.2373824566602707,0.8611111044883728,0.35073620080947876,0.0,0.0,0.01629282906651497,0.03974685072898865,36,35,0,2,0.012698412698311918,1,3196,0,36,23,30.331409370678816,,1.0277777910232544,0.1666666567325592,0.3333395719528198,0.14866827428340912,0.09959790657227219,-4.359872817993164,9.821420669555664,0.4952124357223511,0.02778647094964981,0.8119570016860962,0.29339441657066345,0.13260358572006226,0.08799419552087784,0.36032028925444753
6,0.03317202627658844,0.046998485922813416,2.974428176879883,0.25537943840026855,0.0008,0.4678351581096649,0.2779189646244049,0.0,0.09957724809646606,0.07452350109815598,4.699810726573159,0.18289592862129211,0.2088339924812317,0.949367880821228,1.15080988407135,5.344023704528809,6.297241687774658,9.490553584887648,0.03846153989434242,0.0011587328044697642,,,4.932416915893555,3.2064333936432377e-05,7.003481732681394e-05,1250.0,2.625,0.7187952995300293,7.17902946472168,0.41914379596710205,0.6968936920166016,0.6926791071891785,2.0385749340057373,0.7412999868392944,15.0,0.0,5.9254655838012695,1.821919560432434,5.75,1.9148542881011963,0.0,0.0,0.49520930647850037,0.31992432475090027,16,0,0,26,0.12499999999479167,16,20000,0,16,15,5.006405726045308,,15.0,0.0,2.273771286010742,0.4307987689971924,1.8428306183831364,0.29025349020957947,0.4700895845890045,0.062453120946884155,0.0,5.84193229675293,1.9171175956726074,5.344023704528809,2.0545618534088135,0.0009799781945214073
11,-6.249999962015806e-10,5.797950450123036e-17,2.321928024291992,0.0,0.0064,0.423927366733551,0.5638095140457153,0.0,0.04375595226883888,0.0,1.318116246441582,0.0,0.0,0.0,0.0,2.0032050609588623,0.0,9.73826567792496,0.3333333432674408,0.22077876329421997,2.6051712036132812,1.9466796175038326e-07,1.2190676927566528,2.1897811889648438,1.3765102835350262e-07,156.25,2.0,0.0,3.504689931869507,0.0,-1.3054356575012207,0.0,1.4825999736785889,0.0,5.0,0.0,3.0,0.0,3.0,0.0,1.0,0.0,0.13535431027412415,0.0,4,0,0,3,0.0,2,625,0,4,0,16.154445015253728,,4.0,0.0,1.4153462648391724,0.0,1.0575529659307659,0.0,0.0,0.19871795177459717,0.0,3.0,0.0,2.0032050609588623,0.0,0.32312157383786844
12,0.033576399087905884,0.05009167268872261,3.5242526531219482,0.12456779181957245,0.108,0.9992507100105286,0.0012978427112102509,0.0,0.08749956637620926,0.02844957448542118,3.321928094887362,0.2496260702610016,0.19686926901340485,724.1861572265625,1725.1678466796875,4581.54296875,28058.779296875,5.317641097190179,0.10000000149011612,0.0,,,1216.083984375,304.2240905761719,345.87725830078125,9.25925925925926,69.26041412353516,66.2397689819336,6.2214813232421875,0.18510036170482635,-0.3200811743736267,0.5393288731575012,49.47148132324219,47.52936935424805,474.6111145019531,480.63031005859375,318.2703857421875,346.74517822265625,318.1134338378906,348.9423828125,188.0601806640625,237.68820190429688,0.6246995329856873,0.17937685549259186,216,0,0,10,0.11119724375535935,3,2000,1,216,131,4.64151604888887,,286.5509338378906,267.6121826171875,49.58131790161133,46.18562316894531,3.3011604965508177,0.02751917764544487,0.4249703586101532,0.018878348171710968,0.018914304673671722,317.91851806640625,348.0111083984375,4581.54296875,5584.12548828125,-3.9048119907181627e-16
14,0.011349091306328773,0.007512731943279505,3.5849568843841553,1.5505153214689926e-06,0.038,0.7214370965957642,0.230073943734169,0.0,0.038622498512268066,0.03471880033612251,3.321928094887362,0.14589066803455353,0.1035204529762268,0.0007167773437686265,0.0009834524244070053,0.005520282778888941,0.012127961032092571,11.400915502303187,0.10000000149011612,0.0,0.111769899725914,0.05890530347824097,0.8428019285202026,0.08416001498699188,0.04566589370369911,26.31578947368421,0.09598726034164429,0.05310480669140816,6.6155104637146,0.23040829598903656,0.11259553581476212,0.6362909078598022,0.06997289508581161,0.037950169295072556,0.38195136189460754,0.14996470510959625,0.13203206658363342,0.06846331804990768,0.12622766196727753,0.06987199932336807,0.0031921565532684326,0.0024792265612632036,0.2913737893104553,0.23040825128555298,76,0,0,10,0.00631578947367313,9,2000,0,76,69,11.303633401555254,,0.3787591755390167,0.1483534723520279,0.06710795313119888,0.03209926560521126,0.005857333297368099,0.5438839793205261,0.24881230294704437,1.6150988813024014e-06,5.298020369082224e-07,0.12739264965057373,0.06888200342655182,0.005520282778888941,0.005878874100744724,5.0404805749054176e-05
15,0.20575092732906342,0.09842725843191147,1.8386805057525635,0.5906814932823181,0.012875536480686695,0.915889322757721,,0.0,0.2530306875705719,0.10954243689775467,0.9293179372497983,0.6003817915916443,0.13174602389335632,4.6746063232421875,1.8493379354476929,7.843880653381348,15.344917297363281,1.8764860882665602,0.5,0.21951670944690704,,,13.294328689575195,1.5699329376220703,0.7561620473861694,77.66666666666667,3.0,1.3228756189346313,2.272754669189453,0.5371547341346741,1.657384991645813,4.161503791809082,0.4941999614238739,1.0483564138412476,10.0,0.0,3.1266889572143555,0.7436870336532593,1.6666666269302368,1.1180340051651,0.8888888955116272,0.3333333134651184,0.4952436685562134,0.13814756274223328,9,0,0,2,0.7499999998958333,1,699,0,9,5,2.7126780133935564,,9.11111068725586,0.3333333432674408,2.7507307529449463,0.5585981011390686,1.4486531836069945,1.4739856719970703,0.8403013348579407,0.09893539547920227,0.0050773718394339085,2.222222328186035,0.856453537940979,7.843880653381348,2.978853464126587,0.16114670764058078
16,0.008654044009745121,0.0034985824022442102,3.584956645965576,1.081364985111577e-06,0.032,0.8098471164703369,0.1144689992070198,0.0,0.03604660928249359,0.02517888881266117,3.321928094887362,0.10720047354698181,0.08336768299341202,0.5524603128433228,0.9243396520614624,6.491588592529297,13.013809204101562,12.060030436464034,0.10000000149011612,0.0,,,22.83385467529297,,,31.25,2.9604337215423584,2.053828001022339,6.631435394287109,0.18086698651313782,-0.05149001628160477,0.25343790650367737,2.1821022033691406,1.492337703704834,6.89372444152832,3.9036383628845215,0.05308474600315094,0.7394593358039856,0.045688554644584656,0.7425865530967712,-6.756514549255371,3.373929262161255,0.27544939517974854,0.1808668076992035,64,0,0,10,0.0004960317460305158,9,2000,28,64,61,12.014937217849274,,13.650238990783691,7.023282527923584,2.152662754058838,1.3737239837646484,1.8511034197081278,-0.004279248882085085,0.16445839405059814,1.5170674032560783e-06,5.363523669643655e-08,0.04625144228339195,0.742638111114502,6.491588592529297,9.755558013916016,1.2562743623196692e-05
18,0.24982300400733948,0.2026091068983078,2.6010475158691406,1.1132057905197144,0.003,0.6018713712692261,0.34317725896835327,0.0,0.452614426612854,0.32442232966423035,3.321928094887362,0.572757363319397,0.3213095963001251,6498.5537109375,23504.32421875,2353407.5,5764630.5,2.681493120752642,0.10000000149011612,0.0,,,1720.8843994140625,695.152099609375,1628.299072265625,333.3333333333333,1006.6428833007812,2443.653564453125,4.684140682220459,1.02084219455719,-0.5403572916984558,0.41279616951942444,708.3668823242188,1721.29248046875,2969.839111328125,7154.2451171875,1052.6998291015625,2500.476318359375,901.68701171875,2133.722412109375,256.69781494140625,580.8272705078125,1.2388352155685425,0.2768004834651947,6,0,0,10,0.7333333330888888,6,2000,0,6,1,1.0995912406086523,,2713.141357421875,6574.396484375,630.9071044921875,1531.8082275390625,,0.5307703018188477,0.36634185910224915,0.10697010159492493,0.13428187370300293,960.9828491210938,2278.14208984375,2353407.75,5764340.0,0.0015175376020758365
22,0.029357077553868294,0.06805448979139328,3.5849571228027344,1.418366196048737e-06,0.0235,0.7160987854003906,0.25578629970550537,0.0,0.05397893860936165,0.0241114292293787,3.321928094887362,0.25776731967926025,0.21297228336334229,386.5445861816406,828.0089721679688,2910.4384765625,7370.015625,8.33103859828244,0.10000000149011612,0.0,76.10955047607422,100.6161880493164,695.8377075195312,59.27452850341797,97.41204833984375,42.5531914893617,56.507293701171875,51.86985397338867,6.508143424987793,0.17152056097984314,0.7268303632736206,1.416875958442688,40.9875602722168,37.67096710205078,221.22523498535156,207.45852661132812,88.63642120361328,105.16803741455078,83.48502349853516,103.6820297241211,13.034600257873535,49.827003479003906,0.3987411856651306,0.17152024805545807,47,0,0,10,0.1267345050872954,9,2000,0,47,40,7.9906856708394605,,208.19061279296875,186.0390625,40.125457763671875,36.45073318481445,,0.789644181728363,0.4869306683540344,4.273884314898169e-06,3.892503627866972e-06,84.67692565917969,104.00831604003906,2910.4384765625,3886.029296875,0.00011890223103566218
23,0.03292977437376976,0.045484110713005066,1.5913807153701782,0.9861693978309631,0.006109979633401222,0.32866257429122925,0.09589415788650513,0.0,0.019023515284061432,0.009411961771547794,1.5390345832497476,0.1768960952758789,0.1517072468996048,0.5174462795257568,1.7413253784179688,8.55904483795166,22.879568099975586,43.15178100807638,0.3333333432674408,0.1011609435081482,,,1.6566495895385742,3.3840067386627197,10.152020454406738,163.66666666666666,2.555555582046509,4.034573078155518,3.094749689102173,0.9644856452941895,0.9183725714683533,3.09006404876709,1.8120665550231934,2.849696159362793,8.88888931274414,15.751543998718262,5.014859676361084,10.36773681640625,5.0,10.173495292663574,1.7777777910232544,5.3333330154418945,0.035665612667798996,0.02564188838005066,9,3,0,3,0.05555555554783951,2,1473,0,9,5,43.61947208641504,,7.111111164093018,10.775486946105957,1.7011139392852783,2.524562120437622,1.0444744907804369,-0.13530614972114563,1.5582191944122314,0.28796976804733276,0.17916856706142426,5.0136847496032715,10.147601127624512,8.559045791625977,22.23809814453125,0.7854620814524854
28,0.0348273441195488,0.10379668325185776,2.1819868087768555,1.390175461769104,0.011387900355871887,,,0.0,0.12041394412517548,0.09464684128761292,3.3218327248667654,,,2.235989570617676,3.583604097366333,18.813697814941406,36.94660186767578,10.606271930430115,0.10000000149011612,0.0012126348447054625,,,37.196380615234375,6.784748052268696e-08,1.448256057301478e-07,87.8125,6.0,5.151668071746826,5.190624237060547,1.2226452827453613,162.98745727539062,478.73931884765625,3.637003183364868,3.7164146900177,13.390625,5.016218662261963,4.911243438720703,4.2227783203125,4.765625,5.070118427276611,0.0,0.0,0.3131951093673706,0.20501339435577393,64,3,0,10,0.0282738095237394,1,5620,2,64,29,5.966860735497252,,13.390625,5.016218662261963,3.6862926483154297,2.3038840293884277,,5.278017997741699,11.161112785339355,0.12412652373313904,0.1883542686700821,4.7781453132629395,4.756955146789551,18.813697814941406,14.952573776245117,
29,0.042967915534973145,0.12566906213760376,1.7625473737716675,0.9810269474983215,0.021739130434782608,1.0000025033950806,3.540335228535696e-06,0.0,0.06851193308830261,0.1364450752735138,0.9912308989033523,0.11582323163747787,0.13569732010364532,612.6867065429688,5244.9091796875,1811711.75,7008323.5,10.839669884007424,0.5,0.0778842344880104,,,1840.5965576171875,8.702568266016897e-08,1.617586917745939e-07,46.0,43.16233444213867,111.41143798828125,2.6623334884643555,0.9900218844413757,19.82318115234375,54.99483108520508,11.774313926696777,37.90205383300781,6815.64990234375,25783.740234375,83.19100189208984,262.52777099609375,13.661333084106445,41.114501953125,0.0,0.0,0.09144475311040878,0.11315971612930298,15,4,0,2,0.019047619046712018,2,690,0,15,10,18.2744519409687,,6815.64990234375,25783.740234375,361.3173522949219,1342.1044921875,,2.2838294506073,3.3242058753967285,0.21560660004615784,0.21547751128673553,19.477434158325195,44.94942855834961,1811711.75,7008293.0,3.4969509933285765e-20
31,0.014831001870334148,0.030370453372597694,1.5720078945159912,0.845785915851593,0.02,0.4899659752845764,,0.0,0.008703364059329033,0.013443055562675,0.8812908992306927,0.08025433123111725,0.08756189048290253,140.9414825439453,1547.1395263671875,398406.90625,1781674.0,58.380550609620045,0.5,0.2828426957130432,,,952.6901245117188,93.18732452392578,404.0041809082031,50.0,132.6875,582.3471069335938,2.4382033348083496,0.8392950892448425,1.6798206567764282,5.399650573730469,82.76614379882812,363.52252197265625,931.3499755859375,4117.3994140625,167.73301696777344,730.5440673828125,119.67500305175781,517.8446044921875,13.850000381469727,55.74592590332031,0.015095626004040241,0.021159889176487923,20,3,0,2,0.005263157894598338,1,1000,0,20,11,103.1366564730648,,917.5,4061.799560546875,143.1006622314453,630.7298583984375,1.0358480867994913,0.7255047559738159,1.4828966856002808,0.24926209449768066,0.1455995887517929,128.6593475341797,557.0629272460938,398406.9375,1781660.5,0.7599333402298364
32,0.04143332690000534,0.03667573630809784,3.913334846496582,0.42575156688690186,0.001455604075691412,0.6743752360343933,0.21804821491241455,0.0,0.10800017416477203,0.05937555432319641,3.320771738890595,0.2711952328681946,0.20431555807590485,240.30587768554688,207.7193145751953,929.6726684570312,1327.6717529296875,4.579590032382226,0.10000000149011612,0.004219830967485905,,,144.81265258789062,8.538650035916362e-07,2.1142732293810695e-06,687.0,48.5625,19.287193298339844,6.508982181549072,0.5446333289146423,-0.5018154382705688,1.1469824314117432,31.922229766845703,12.665803909301758,100.0,0.0,50.71104431152344,16.76218032836914,49.84375,22.7652645111084,0.0,0.0,0.7251242399215698,0.24208730459213257,16,0,0,10,0.12499999999479167,9,10992,0,16,3,4.396778318140038,,100.0,0.0,29.77423858642578,6.785664081573486,4.293889565584619,-0.039185456931591034,0.6761330366134644,0.009862085804343224,0.00014513083442579955,50.021453857421875,20.739126205444336,929.6726684570312,392.62890625,0.0005760820616996384
37,0.0288405679166317,0.032110545784235,2.9581058025360107,0.3416893780231476,0.010416666666666666,0.5506842136383057,,0.0,0.012489845976233482,0.008523298427462578,0.9331343166407832,0.1716568022966385,0.13243386149406433,109.3502426147461,266.0928649902344,1893.0594482421875,4682.59228515625,12.954791652737285,0.5,0.21360518038272858,,,45.243106842041016,3.786170244216919,10.582698822021484,96.0,31.272811889648438,41.090232849121094,3.8192100524902344,0.3357633054256439,2.734560966491699,2.9133858680725098,15.616873741149902,15.086465835571289,179.19000244140625,276.3247985839844,44.98579406738281,41.635276794433594,38.35906219482422,38.60985565185547,2.6347498893737793,7.420731544494629,0.07203005254268646,0.05160880088806152,8,0,0,2,0.03571428570790816,1,768,0,8,8,40.06766099642455,,176.55523681640625,277.4951171875,25.73374366760254,37.50556564331055,1.032593995714644,0.527180552482605,1.3216032981872559,0.015922963619232178,0.018549250438809395,40.20920944213867,38.843544006347656,1893.0594482421875,4613.544921875,0.6967469037396513
44,0.037198375910520554,0.05923328921198845,1.1300978660583496,0.9933147430419922,0.01238861117148446,0.7482889890670776,,0.0,0.04775451123714447,0.040696464478969574,0.9673602371807668,0.06085384264588356,0.10267951339483261,40.02507781982422,1410.6090087890625,7134.7783203125,50011.953125,12.44985660823288,0.5,0.14984332025051117,,,321.02410888671875,0.6529518365859985,3.912052869796753,80.71929824561404,4.851807117462158,30.880653381347656,2.0197575092315674,0.949661135673523,240.80068969726562,296.7885437011719,2.3560073375701904,15.229057312011719,483.94207763671875,2458.9306640625,6.1507697105407715,37.996917724609375,1.9994912147521973,12.697774887084961,0.05263157933950424,0.22528178989887238,0.07770050317049026,0.06953810155391693,57,0,0,2,0.01942355889718226,1,4601,0,57,57,13.544279304526874,,483.88946533203125,2458.74560546875,15.193997383117676,83.82843780517578,0.4179611540835415,11.179346084594727,6.954063415527344,0.006083797663450241,0.0046038636937737465,2.535707950592041,16.10753631591797,7134.779296875,48864.65625,0.4400636243069332
46,0.00435197027400136,0.00602475181221962,1.9777404069900513,0.05862763896584511,0.018808777429467086,0.7492561340332031,0.06390756368637085,0.0,0.02813776768743992,0.051652729511260986,1.4801700696136335,0.0296074990183115,0.02766256034374237,0.03893536329269409,0.04147256165742874,1.3006141185760498,0.5161848068237305,26.382088212805897,0.3333333432674408,0.16062653064727783,,,3.720831871032715,3.8689645265321815e-08,7.287965786417772e-09,53.166666666666664,1.850000023841858,0.6057632565498352,3.4018051624298096,0.14755363762378693,-1.3198049068450928,0.13365711271762848,1.4825998544692993,0.38603612780570984,3.7833333015441895,0.4903014600276947,1.4663113355636597,0.13572841882705688,1.2999999523162842,0.5304299592971802,0.0,0.0,0.0561051182448864,0.09195234626531601,60,0,0,3,0.0,2,3190,0,60,10,34.25062529669144,,3.7833333015441895,0.4903014600276947,1.1361024379730225,0.10026693344116211,1.1502171250498134,0.07702750712633133,0.1876792460680008,0.21114158630371094,0.023274283856153488,1.430320382118225,0.20579148828983307,1.3006141185760498,0.2689775228500366,0.18601054803888645
50,0.01467643491923809,0.015554753132164478,1.538036584854126,0.0312168188393116,0.009394572025052192,0.24945391714572906,,0.0,0.015851298347115517,0.0234520360827446,0.9309539862507962,0.07327760756015778,0.05497470870614052,0.044892750680446625,0.03411967307329178,0.6120354533195496,0.17095115780830383,49.450452965795,0.5,0.21700352430343628,,,0.41311874985694885,4.445353596338464e-08,7.150724901094918e-09,106.44444444444444,1.4444444179534912,0.527046263217926,2.450164318084717,0.05530289188027382,-1.2805637121200562,0.13412867486476898,1.4825999736785889,0.0,2.0,0.0,1.1927626132965088,0.06273912638425827,1.0,0.0,0.0,0.0,0.018825996667146683,0.025843709707260132,9,0,0,2,0.0,1,958,0,9,0,80.69748964324364,,2.0,0.0,0.7821133136749268,0.01938885636627674,1.0266516028383366,-0.3519153296947479,0.11448703706264496,0.3326367139816284,0.0,1.314621925354004,0.092535600066185,0.6120355129241943,0.02999558486044407,0.9377727433849126
54,0.11314140260219574,0.1388261616230011,3.0929298400878906,0.15781183540821075,0.02127659574468085,0.6738148331642151,0.2715621292591095,0.0,0.04526100307703018,0.02650795876979828,1.999066765534363,0.4070565402507782,0.3424769341945648,278.4461669921875,851.9534301757812,2025.5892333984375,8224.541015625,7.738219798536031,0.25,0.010327295400202274,,,159.43084716796875,111.36286163330078,96.84181213378906,47.0,34.56944274902344,61.113372802734375,4.833659648895264,0.2251911759376526,5.0964765548706055,15.12629222869873,21.16823387145996,31.89893341064453,198.88888549804688,227.4083709716797,117.63495635986328,106.38822174072266,111.55555725097656,92.85628509521484,78.38888549804688,63.11906433105469,0.25833678245544434,0.12855592370033264,18,0,0,4,0.39215686273228245,3,846,0,18,8,10.97247169126979,,120.5,188.88192749023438,22.770835876464844,39.94658660888672,,1.0378870964050293,1.6937190294265747,0.024529775604605675,0.018416542559862137,114.90321350097656,100.66290283203125,2025.5889892578125,7298.4970703125,0.0833993597149735
151,0.06971612572669983,0.10767041146755219,4.269201278686523,0.9377988576889038,0.00017655367231638418,0.4487152099609375,,0.0,0.0031357891857624054,0.0028752016369253397,0.9835093906057097,0.1686696708202362,0.17988534271717072,0.005600479897111654,0.00725069735199213,0.5330007076263428,1.3996223211288452,12.706076380984975,0.5,0.10670897364616394,,,0.25406908988952637,0.0001745255576679483,0.0002303083601873368,5664.0,0.7379468679428101,1.3476126194000244,5.17530632019043,0.8995272517204285,900.2288818359375,2484.16748046875,0.5405048131942749,1.002484679222107,1.625,1.7677669525146484,0.6765565276145935,0.9614017009735107,0.6612459421157837,0.9644034504890442,0.0,0.0,0.07740464806556702,0.08027584105730057,8,0,0,2,0.07142857141581632,1,45312,3,8,5,54.15432524615391,,1.625,1.7677669525146484,0.3902030289173126,0.6596468687057495,0.18196735872058242,11.039969444274902,27.512601852416992,0.02077137492597103,0.04983672499656677,0.6760138273239136,0.9621240496635437,0.533000648021698,1.3993874788284302,0.7986546725147927
182,0.09977279603481293,0.04572309926152229,4.089370250701904,0.06784721463918686,0.005598755832037325,0.6069285869598389,0.3886989653110504,0.0,0.0902939885854721,0.02375725656747818,2.4833618760456604,0.49579060077667236,0.3230389654636383,0.4958111345767975,0.3230559229850769,1.0000441074371338,3.549790382385254,2.8061978475971983,0.1666666716337204,0.06781240552663803,,,4.388853549957275,,,178.61111111111111,1.4318091869354248,0.16515623033046722,5.687775135040283,0.19299164414405823,-0.15581488609313965,0.8449292182922363,1.0300096273422241,0.13037891685962677,2.8229496479034424,0.6514745354652405,-0.0005560882273130119,0.00021451356587931514,-0.0077115800231695175,0.0889284610748291,-2.595993757247925,0.2900237441062927,0.8849561214447021,0.1485639214515686,36,0,0,6,0.48571428571043085,5,6430,0,36,9,3.620986148457404,,5.418943405151367,0.8313266038894653,1.0000219345092773,0.00017124187434092164,0.09629555687542048,0.04044139012694359,0.5655168294906616,0.013552849180996418,0.0037971448618918657,0.018260326236486435,0.07482081651687622,1.0000439882278442,0.00034248584415763617,0.005545543009244633
300,0.012112364172935486,0.03208673372864723,3.9025187492370605,0.8837652802467346,0.07913299987174555,0.7768097519874573,0.15438902378082275,0.0,0.07278139144182205,0.10485925525426865,4.70043827987653,0.17329806089401245,0.1611758917570114,0.03363671526312828,0.04085698351264,0.186229407787323,1.3186805248260498,10.346843641230487,0.03846153989434242,5.5336018704110757e-05,,,8.906081199645996,,,12.636952998379254,0.5643802285194397,0.2796199321746826,8.148670196533203,0.9267633557319641,3.6008877754211426,15.364274978637695,0.38491708040237427,0.1925281435251236,0.9828540682792664,0.0956016480922699,0.06479603052139282,0.45581531524658203,0.055290110409259796,0.5333852171897888,-0.9348065257072449,0.11476269364356995,0.4542871415615082,0.2395394891500473,617,4,0,26,0.05248479235513133,25,7797,0,617,383,7.590423105516471,,1.9176604747772217,0.1421726942062378,0.41408073902130127,0.12161622941493988,,0.441897451877594,1.8104987144470215,0.004779451992362738,0.040641482919454575,0.05622483417391777,0.514518678188324,0.1862293928861618,0.10429984331130981,1.3565507277587509e-14
307,0.04417125880718231,0.08047041296958923,2.9835612773895264,0.6259323358535767,0.012121212121212121,0.3144782483577728,0.31659233570098877,0.0,0.0655023381114006,0.06253653019666672,3.4594316186372978,0.21587637066841125,0.14854629337787628,0.17761282622814178,0.23609960079193115,2.0160605907440186,5.356695175170898,9.521141417120687,0.09090910106897354,7.814234592729008e-09,,,1.0037919282913208,,,82.5,1.5831042528152466,2.0396480560302734,6.079650402069092,0.5840185284614563,-0.6005159020423889,0.5522689819335938,1.1033631563186646,1.5481572151184082,2.7704999446868896,3.7872579097747803,0.5362385511398315,2.350947618484497,0.4780000150203705,2.3511595726013184,-1.6222500801086426,1.3500545024871826,0.36334213614463806,0.31147053837776184,12,1,0,11,0.045454545451101926,10,990,1,12,5,7.211437756981997,,4.392750263214111,3.2623963356018066,0.9845945835113525,1.0685421228408813,1.3683867076122909,0.08681853860616684,0.15501949191093445,0.04729238152503967,0.1436460018157959,0.5215004086494446,2.355099678039551,2.0160601139068604,5.25897741317749,0.03910172581535908
458,0.017682936042547226,0.013273065909743309,2.8937108516693115,0.3828512728214264,0.08323424494649227,0.9360620379447937,0.027754364535212517,0.0,0.0557522177696228,0.03471803292632103,1.7874160492261657,0.14842389523983002,0.11554627120494843,5.460666656494141,13.537410736083984,50.917964935302734,174.72116088867188,6.825491905051891,0.25,0.14439256489276886,,,61.45022964477539,4.016060829162598,12.316659927368164,12.014285714285714,7.157142639160156,6.868613243103027,4.419252872467041,0.37562286853790283,2.3253140449523926,3.630129337310791,4.998480319976807,4.579578399658203,34.400001525878906,30.427581787109375,10.125240325927734,13.369743347167969,9.199999809265137,12.729743957519531,0.8285714387893677,3.4261205196380615,0.2618735730648041,0.16470414400100708,70,0,0,4,0.007867494824000275,3,841,1,70,68,10.050028462478625,,33.57143020629883,28.017370223999023,5.3565263748168945,4.748443126678467,,1.1107288599014282,0.6802731156349182,0.048823434859514236,0.028408730402588844,9.431146621704102,12.958361625671387,50.917964935302734,124.96869659423828,0.0015706732158135327
469,0.023090602830052376,0.04235868528485298,1.9961282014846802,0.9500890374183655,0.005018820577164366,0.14416813850402832,0.06824588030576706,0.0,0.01737712323665619,0.013023407198488712,2.5802592077826514,0.15909570455551147,0.21285155415534973,0.49964508414268494,1.0324903726577759,2.5752477645874023,3.6498968601226807,64.65353046478327,0.1666666716337204,0.01496031042188406,,,0.5078176259994507,4.31221316432584e-08,2.147158539855809e-08,199.25,2.25,1.5,4.536478519439697,0.9291117191314697,-1.1549131870269775,0.6201130151748657,1.4825999736785889,1.2105377912521362,4.25,3.3040380477905273,1.7575281858444214,1.181550145149231,1.75,0.9574271440505981,0.0,0.0,0.03990902379155159,0.024569658562541008,4,1,0,6,0.16666666652777776,4,797,0,4,0,49.016967059639256,,4.25,3.3040380477905273,1.3732099533081055,0.9588476419448853,1.022314341788092,0.0517285019159317,0.5202018618583679,0.2709106206893921,0.1812511384487152,1.6915448904037476,1.1134551763534546,2.5752475261688232,2.961369752883911,0.9058432418825823
1049,0.1368943601846695,0.15383414924144745,2.778513193130493,0.8265616297721863,0.025377229080932786,,,0.0,0.01675344444811344,0.02432522550225258,0.5353247216329435,0.3509770929813385,0.24394434690475464,469154.4375,8762158.0,106280600.0,646390464.0,10.728251425623954,0.5,0.5344524383544922,,,25643.681640625,0.82318514585495,2.2042691707611084,39.4054054054054,360.89306640625,1933.796142578125,3.263939142227173,0.8294082283973694,104.57527923583984,150.62109375,116.1476821899414,590.4111938476562,41034.6484375,230294.90625,583.4639282226562,3203.122802734375,83.70851135253906,409.2779235839844,0.21675677597522736,0.47905609011650085,0.049898598343133926,0.036710724234580994,37,1,0,2,0.2432432432414171,0,1458,0,37,34,54.68319176065706,,41034.4296875,230294.953125,1837.8292236328125,10284.0361328125,,6.437016487121582,5.167201995849609,0.03634396195411682,0.08652236312627792,142.83245849609375,733.31591796875,106280592.0,644186496.0,
1050,0.15073718130588531,0.16318614780902863,2.8959429264068604,0.688022255897522,0.023672424824056303,,,0.0,0.008791789412498474,0.007063180208206177,0.4764549714253225,0.4058310091495514,0.3006640374660492,12768346.0,278742720.0,3478069248.0,21155907584.0,11.83485854025617,0.5,0.5623376369476318,,,1313.797607421875,2.000277042388916,4.58900785446167,42.24324324324324,356.12054443359375,1884.8011474609375,3.332139253616333,0.6765751838684082,237.87789916992188,271.67193603515625,142.54635620117188,729.53955078125,367116.375,2095785.875,1008.1458129882812,5596.58447265625,105.6581039428711,521.8270263671875,0.2989189326763153,0.5189453959465027,0.040258608758449554,0.021203285083174706,37,0,0,2,0.340840840838282,0,1563,0,37,34,70.93350120255269,,367116.09375,2095785.875,10334.5029296875,58863.515625,0.3732829282272058,10.30451774597168,8.381372451782227,0.016497399657964706,0.021613968536257744,154.9271697998047,789.0924682617188,3478069248.0,21087815680.0,
1053,0.18618574738502502,0.15781870484352112,3.6501522064208984,1.0661120414733887,0.0019292604501607716,,,0.0,0.005602268967777491,0.003331919200718403,0.7086892115305542,0.5886732339859009,0.24489176273345947,54499704.0,724531520.0,9012456448.0,41299943424.0,15.92387381465893,0.5,0.4334886074066162,,,94751.8125,0.9254299998283386,3.062549591064453,518.3333333333334,610.3776245117188,2445.190185546875,4.314335823059082,1.0564875602722168,586.2379760742188,761.9873046875,176.1046142578125,653.470458984375,1567411.5,6772549.5,1902.7791748046875,8017.33154296875,121.91190338134766,440.3382263183594,0.190476194024086,0.40237388014793396,0.04450482502579689,0.012454214505851269,21,0,0,2,0.6571428571272109,2,10885,0,21,21,81.01699502608251,,1567411.375,6772549.5,21963.75,94639.0546875,1.1956551846400882,15.831929206848145,11.23275375366211,0.007117225788533688,0.008196256123483181,212.24069213867188,814.3037719726562,9012455424.0,41166143488.0,1.0273222173629664
1063,0.3673091232776642,0.19055722653865814,2.474947929382324,0.6779438853263855,0.040229885057471264,0.5985821485519409,,0.0,0.05704081803560257,0.025605859234929085,0.7317786193052257,0.7753209471702576,0.21398332715034485,5460266.0,60240852.0,613850944.0,2812809984.0,4.1439687205953355,0.5,0.4172200858592987,,,67085.9765625,1.6388311386108398,2.8212263584136963,24.857142857142858,425.1571350097656,1651.466064453125,3.030137300491333,0.645053505897522,128.34934997558594,88.4783935546875,59.56415557861328,197.1881866455078,111741.90625,467657.46875,977.8936157226562,4032.895263671875,42.05356979370117,133.11422729492188,0.380952388048172,0.4976133704185486,0.17658883333206177,0.03985648602247238,21,0,0,2,0.8952380952167801,1,522,0,21,21,13.015311710143367,,111741.5234375,467657.53125,5875.72998046875,24663.59765625,1.54337548575081,8.901704788208008,4.332083225250244,0.02027275785803795,0.027386320754885674,128.41726684570312,479.44708251953125,613850880.0,2799183616.0,0.6416994409144582
1067,0.31007814407348633,0.19129467010498047,2.6382555961608887,0.9806911945343018,0.00995732574679943,,,0.0,0.024676725268363953,0.011062057688832283,0.6211733422333799,0.7203468084335327,0.22116407752037048,145365.765625,1304494.875,14549821.0,66667328.0,6.886670273602002,0.5,0.4885038137435913,,,13059.3330078125,0.4687841832637787,1.0602854490280151,100.42857142857143,136.02999877929688,491.2036437988281,3.169229745864868,0.9501425623893738,31.742109298706055,29.14562225341797,23.37919044494629,69.20610046386719,16869.353515625,70679.4375,285.0968933105469,1138.6964111328125,17.239999771118164,46.75545883178711,0.2380952388048172,0.4364357590675354,0.09019938111305237,0.03206787258386612,21,0,0,2,0.7904761904573696,2,2109,0,21,21,28.2491573678576,,16869.115234375,70679.4921875,915.4548950195312,3794.383544921875,1.1337121630909401,4.197200775146484,2.0147438049316406,0.01869746670126915,0.020748047158122063,42.75608444213867,144.02992248535156,14549819.0,66396708.0,0.7822900318976457
1068,0.20975403487682343,0.17762966454029083,2.9376187324523926,0.6653432846069336,0.018935978358881875,,,0.0,0.006607246585190296,0.004253461956977844,0.36380010531923423,0.6327334642410278,0.22734864056110382,9113909.0,112468720.0,1391021696.0,6374270464.0,11.411770009013939,0.5,0.6089152097702026,,,79096.9375,2.3107221126556396,5.107113838195801,52.80952380952381,638.0408935546875,2569.298828125,3.2695393562316895,0.6576855778694153,115.3036880493164,106.83403015136719,251.74476623535156,979.92431640625,216793.90625,932348.6875,1500.9949951171875,6271.05908203125,183.56190490722656,691.9779663085938,0.3333333432674408,0.48304587602615356,0.03187937289476395,0.013922864571213722,21,0,0,2,0.6904761904597506,2,1109,0,21,21,91.14793443381954,,216793.578125,932348.8125,8678.6103515625,37168.38671875,,7.986854076385498,4.0733418464660645,0.012637119740247726,0.012390653602778912,266.34375,1033.984619140625,1391021696.0,6353362944.0,0.8528854076482204
1461,0.029208017513155937,0.10010383278131485,2.314873456954956,1.729101300239563,0.00035389617570945125,0.45952489972114563,,0.0,0.007380844093859196,0.008036304265260696,0.5206312212538164,0.06453954428434372,0.11464415490627289,191.31813049316406,1568.3419189453125,584197.8125,2316441.25,26.108249696516875,0.5,0.5416653156280518,,,592.8956298828125,,,2825.6875,101.125,338.8448791503906,2.815563440322876,1.7200865745544434,297.3947448730469,1122.93310546875,51.98365783691406,166.77105712890625,6775.9375,25456.294921875,108.55683898925781,340.3418884277344,43.75,116.71189880371094,-500.0,2005.0716552734375,0.01994125358760357,0.025307724252343178,16,3,0,2,0.008333333332986111,1,45211,5,16,9,115.08465232085508,,7275.9375,27459.23828125,214.83026123046875,757.572021484375,1.0199508066384935,4.323984146118164,10.403952598571777,0.18287980556488037,0.19632494449615479,53.59519958496094,151.0399627685547,584197.8125,2316432.25,0.7888368712059355
1462,0.07073386013507843,0.03808913752436638,3.459409713745117,1.6103405869216658e-05,0.0029154518950437317,0.9299744367599487,,0.0,0.02428680658340454,0.024028288200497627,0.9911281257467459,0.42562487721443176,0.20115752518177032,6.667856216430664,6.690611839294434,16.379405975341797,22.541872024536133,4.650434194356954,0.5,0.07833834737539291,,,6.82519006729126,,,343.0,5.169946193695068,2.4030086994171143,4.237412452697754,0.22353079915046692,0.1353219747543335,0.9143370985984802,3.7745401859283447,1.9883102178573608,10.038325309753418,6.7980804443359375,0.6405148506164551,1.3682029247283936,0.7114526033401489,1.2009307146072388,-8.662375450134277,3.6586458683013916,0.21312592923641205,0.22354404628276825,4,0,0,2,0.3333333330555555,1,1372,0,4,2,15.231763674940781,,18.700698852539062,7.471095561981201,3.7807130813598633,1.6675790548324585,1.10969418802413,-0.11903077363967896,0.8832536935806274,7.01921817380935e-05,4.892169454251416e-05,0.6875092387199402,1.2762181758880615,16.379405975341797,13.456615447998047,0.13514754926043862
1464,0.22206221520900726,0.36601245403289795,2.882540702819824,0.2685777246952057,0.0053475935828877,0.36006152629852295,,0.0,0.010159333236515522,0.008808443322777748,0.7916446298452328,0.46599826216697693,0.3452425003051758,5568.26708984375,8964.7294921875,532947.0,1065615.375,20.080063616171106,0.5,0.3705693483352661,,,749.0272827148438,159.36293029785156,308.34588623046875,187.0,325.0625,616.7509155273438,3.634760856628418,0.2964215576648712,10.113143920898438,7.549084663391113,193.108642578125,365.5390625,3180.5,6213.03125,356.9949951171875,681.2398681640625,259.75,493.615478515625,63.25,124.50267791748047,0.039424408227205276,0.02791532501578331,4,0,0,2,0.4999999995833333,1,748,0,4,3,72.1156377241212,,3117.25,6088.5302734375,374.5345153808594,723.5751953125,1.049474821187099,2.254042863845825,1.1834560632705688,0.025117840617895126,0.009126015938818455,267.4494323730469,506.6476745605469,532947.0,1065431.375,0.870355698202441
1468,0.002639753744006157,0.03637302294373512,0.050160475075244904,0.09735527634620667,0.7925925925925926,,,0.0,0.034989967942237854,0.08255691826343536,3.1699250014423126,0.00967120099812746,0.051183488219976425,9.316976502304897e-05,0.0007607643492519855,0.00825103186070919,0.03287467360496521,195.14047259571174,0.1111111119389534,0.0,,,1.5528870820999146,1.0088207602620969e-08,3.669748394052874e-10,1.2616822429906542,0.003504672786220908,0.05913099646568298,3.203840970993042,0.07164838910102844,632.3341674804688,420.2243347167969,0.0,0.0,1.1471962928771973,0.42639967799186707,0.008213265798985958,0.02745003253221512,0.0,0.0,0.0,0.0,0.016244323924183846,0.03918997198343277,856,759,0,9,0.002680767338907981,1,1080,0,856,854,2.087877173406728,,1.1471962928771973,0.42639967799186707,0.06570781767368317,0.06275440752506256,,23.098085403442383,9.921342849731445,0.4793075919151306,0.05752123147249222,0.000912224582862109,0.01563694328069687,0.00825103186070919,0.024039432406425476,
1475,0.11866245418787003,0.08101110905408859,3.3438777923583984,0.9618569612503052,0.008336057535142204,1.0001006126403809,0.007802839390933514,0.0,0.016186673194169998,0.008492255583405495,2.3000070580673455,0.23782530426979065,0.21736638247966766,0.23252542316913605,0.21345354616641998,0.9902510046958923,2.2624144554138184,21.678450153071,0.1666666716337204,0.12737274169921875,,,1.4430391788482666,,,119.96078431372548,0.6756467819213867,0.48913729190826416,5.537788391113281,0.9326847195625305,227.92787170410156,589.3784790039062,0.32095763087272644,0.2959806025028229,14.915953636169434,15.456559181213379,-0.0005510305636562407,0.019781703129410744,-0.16255652904510498,0.285684734582901,-1.1762866973876953,1.0212708711624146,0.10609647631645203,0.03730503469705582,51,0,0,6,0.1270588235289135,4,6118,0,51,46,30.517333268837138,,16.092239379882812,15.025622367858887,0.9916437864303589,0.08385295420885086,0.031025566286077957,7.437326908111572,11.334259986877441,0.0067306943237781525,0.01083751954138279,-0.14797188341617584,0.19278018176555634,0.9902510046958923,0.19795608520507812,1.134813813758517e-19
1480,0.04605675861239433,0.0895237997174263,2.6772913932800293,0.6970608830451965,0.017152658662092625,0.34664997458457947,,0.0,0.01217791810631752,0.00855286791920662,0.8640904272487623,0.17991428077220917,0.2101370096206665,1364.143798828125,6452.1640625,17615.36328125,36955.4921875,15.94010749941299,0.5,0.30200618505477905,,,153.7782440185547,33.335269927978516,66.42252349853516,58.3,25.289997100830078,40.129886627197266,3.4871726036071777,0.6868993043899536,26.63812255859375,46.451416015625,14.819021224975586,23.762460708618164,924.2599487304688,1640.420654296875,54.206031799316406,91.72144317626953,34.29470443725586,63.74679946899414,9.140000343322754,19.315980911254883,0.05420856922864914,0.035286128520965576,10,1,0,2,0.08888888887901235,1,583,0,10,8,48.38870648714183,,915.1199951171875,1632.5115966796875,74.23137664794922,115.97445678710938,,2.8273322582244873,3.6992695331573486,0.059165872633457184,0.15471847355365753,36.8454704284668,68.54885864257812,17615.36328125,30660.173828125,0.8798337963148787
1485,0.004534256178885698,0.005298915319144726,3.6116387844085693,0.32826611399650574,0.19230769230769232,0.5039281249046326,,0.0,0.0004576354112941772,0.0005277175805531442,1.0,0.0160379596054554,0.02005116268992424,12.086846351623535,112.0299301147461,909.88623046875,2993.507568359375,257.5194567211406,0.5,0.0,,,85.89104461669922,485.2378234863281,23.70309829711914,5.2,33.470001220703125,24.752914428710938,4.607755184173584,0.3276631832122803,0.07849500328302383,0.19129177927970886,24.852821350097656,18.319541931152344,577.8040161132812,66.37291717529297,488.06103515625,9.925106048583984,487.9530029296875,9.790556907653809,400.1759948730469,54.138145446777344,0.0038832020945847034,0.004694219678640366,500,0,0,2,0.0003927855711422688,1,2600,245,500,487,929.0672196734619,,177.6280059814453,118.30255126953125,24.752038955688477,17.257415771484375,,0.0329112634062767,0.05456891655921936,0.014255905523896217,0.024148941040039062,487.9603271484375,9.834539413452148,909.8861083984375,1616.39697265625,0.7460564578649853
1486,0.08580420166254044,0.19595250487327576,1.4334114789962769,1.1546988487243652,0.003423763238067605,,,0.0,0.039382871240377426,0.052967146039009094,0.8629999927875766,0.16752342879772186,0.19954095780849457,0.012827930971980095,0.03237123414874077,0.11620704084634781,0.41716447472572327,10.616267856251044,0.5,0.3031747341156006,,,2.298724889755249,0.10295989364385605,0.262594997882843,292.0762711864407,0.28494536876678467,0.45263317227363586,2.215121030807495,1.1033918857574463,232.40557861328125,946.4308471679688,0.06830897927284241,0.1947334259748459,1.2288135290145874,0.4218602478504181,0.8306207060813904,0.3547082543373108,0.801164984703064,0.4527297616004944,0.0075882794335484505,0.0258649755269289,0.0812903493642807,0.08634622395038605,118,2,0,2,0.06098797624216935,1,34465,0,118,86,16.633232672099812,,1.2212252616882324,0.42677557468414307,0.2721481919288635,0.2061615288257599,,-5.090140342712402,14.34459114074707,0.13056494295597076,0.15290503203868866,0.830147385597229,0.41581952571868896,0.11620703339576721,0.17599646747112274,
1487,0.07878243178129196,0.1015663594007492,3.6148440837860107,0.2725524306297302,0.028413575374901343,0.4206855893135071,,0.0,0.0033501337748020887,0.0019517479231581092,0.33979042531608006,0.3534291088581085,0.30389824509620667,25.218706130981445,103.10343170166016,216.95079040527344,1221.1029052734375,11.94917674979234,0.5,0.6178115010261536,,,63.360450744628906,,,35.19444444444444,10.022847175598145,16.58464241027832,3.9261982440948486,0.27072274684906006,1.4842019081115723,9.115230560302734,7.37222957611084,12.284977912902832,316.4888916015625,1447.7205810546875,296.49462890625,1419.646484375,296.9181823730469,1419.6959228515625,268.71527099609375,1377.395263671875,0.02843630313873291,0.014755606651306152,72,0,0,2,0.2875586854454469,1,2534,0,72,65,126.12073489453502,,47.77360916137695,87.69951629638672,7.570160865783691,12.723677635192871,0.6292479606293008,0.0858534574508667,1.1264632940292358,0.0073602828197181225,0.005698160734027624,297.04107666015625,1419.9129638671875,216.95079040527344,824.75341796875,0.8230236228657198
1489,0.05784649774432182,0.026967456564307213,4.025712966918945,0.1380748152732849,0.000925240562546262,0.49779388308525085,,0.0,0.010766985826194286,0.004208184778690338,0.8731822577241407,0.12608887255191803,0.1083201989531517,0.12608887255191803,0.1083202064037323,1.0,0.36371925473213196,6.015310563873479,0.5,0.2920544743537903,,,1.301922082901001,,,1080.8,1.2768938541412354,0.40088215470314026,4.753735542297363,0.1605781763792038,0.3370893597602844,1.2240180969238281,0.8669158816337585,0.3288854658603668,3.5515639781951904,0.7522140741348267,-1.1541506417245273e-08,3.280728932963939e-08,-0.19777600467205048,0.12470176070928574,-2.72422456741333,0.28821754455566406,0.14515995979309082,0.05517556145787239,5,0,0,2,0.0,1,5404,0,5,4,26.73294417997299,,6.275788307189941,0.733731746673584,1.0,0.0,1.2344919672166106,0.7790325880050659,0.5507671236991882,9.700101145426743e-06,1.5396823073388077e-05,-0.15191374719142914,0.09556084871292114,1.0,0.0,0.7522012398881296
1494,0.046090688556432724,0.0787133201956749,1.9212987422943115,1.230539321899414,0.03886255924170616,0.7041822075843811,,0.0,0.023724619299173355,0.01805764064192772,0.9223486063040568,0.16538573801517487,0.17898587882518768,0.4713939428329468,1.780599594116211,7.936983585357666,27.919172286987305,13.698356382493087,0.5,0.2298935055732727,,,5.792908668518066,,,25.73170731707317,1.46755850315094,2.8334665298461914,2.7763144969940186,1.2028738260269165,44.40592575073242,127.07514953613281,0.6465510129928589,1.625137448310852,16.562965393066406,26.35365104675293,2.6835215091705322,6.006690979003906,2.204885244369507,6.06382942199707,0.3683878183364868,1.4412859678268433,0.06733278930187225,0.053274303674697876,41,3,0,2,0.05975609756061125,1,1055,0,41,41,27.534368391163763,,16.1945743560791,26.46356773376465,1.5943961143493652,2.351543426513672,0.2136159798551544,3.787843942642212,4.77948522567749,0.10363270342350006,0.14244531095027924,2.359163284301758,5.982839107513428,7.936984062194824,25.308815002441406,0.5041273833050167
1497,0.08520562201738358,0.04284602776169777,3.7917392253875732,0.2819538116455078,0.004398826979472141,0.512884259223938,0.1218039020895958,0.0,0.037957753986120224,0.016536422073841095,1.714632742265977,0.17213448882102966,0.12133500725030899,0.2679174244403839,0.21159721910953522,1.6148358583450317,1.763651967048645,4.858735299081947,0.25,0.17086823284626007,1.7480217218399048,0.7342731952667236,4.829026699066162,1.5362247228622437,0.6730461716651917,227.33333333333334,1.4267605543136597,0.9685296416282654,5.153474807739258,0.28792038559913635,2.363585948944092,4.654139518737793,0.8468115925788879,0.5407901406288147,5.008958339691162,0.01904335990548134,2.0457923412323,0.7628346085548401,1.6613750457763672,0.7920730710029602,0.621791660785675,0.27232620120048523,0.35289692878723145,0.13351479172706604,24,0,0,4,0.021739130434388784,3,5456,0,24,14,9.744607667536965,,4.387166976928711,0.2682814300060272,1.2512398958206177,0.22666087746620178,1.3734408040163983,1.5214205980300903,1.0854696035385132,0.000460960203781724,0.0001593504857737571,1.747510552406311,0.8264562487602234,1.6148360967636108,0.5631045699119568,0.3736804836640766
1501,0.020640186965465546,0.05712290480732918,0.8750075101852417,0.11746954917907715,0.16070307595731326,0.7885361313819885,0.13210393488407135,0.0,0.18832901120185852,0.1019163504242897,3.3218194896867805,0.09666217863559723,0.10628713667392731,0.020139846950769424,0.022734075784683228,0.20925743877887726,0.48729199171066284,22.391142076425677,0.10000000149011612,0.0012915914412587881,,,4.2688069343566895,1.5359979954610026e-08,3.0499820447005277e-09,6.22265625,0.77734375,0.41684433817863464,4.048472881317139,0.1283511221408844,-0.9666595458984375,1.7626816034317017,0.0,0.0,1.0,0.0,0.32862526178359985,0.10746975243091583,0.05859375,0.23532283306121826,0.0,0.0,0.148354172706604,0.07724717259407043,256,256,0,10,0.017279411764703236,9,1593,0,256,57,4.89809796014222,,1.0,0.0,0.4553505480289459,0.04382704198360443,0.36002525495310816,0.807858407497406,0.61871337890625,0.4996858835220337,5.972140115773072e-08,0.22255012392997742,0.16583022475242615,0.20925742387771606,0.03619274124503136,3.07449774634562e-05
1510,0.07698569446802139,0.11686908453702927,2.999955654144287,4.887428440270014e-05,0.05272407732864675,0.8799571990966797,,0.0,0.05158466473221779,0.03583981841802597,0.9526351224018599,0.39489662647247314,0.2638053596019745,676.465087890625,9367.755859375,15063.21875,80983.171875,3.1052390899678133,0.5,0.18019415438175201,,,1009.1627197265625,48.4054069519043,148.47946166992188,18.966666666666665,35.21501541137695,120.48750305175781,3.645807981491089,0.22568447887897491,7.69800329208374,12.717419624328613,20.79786491394043,70.00093841552734,264.18548583984375,883.8964233398438,61.89071273803711,195.8613739013672,50.799373626708984,157.19117736816406,15.604080200195312,42.52497100830078,0.30678316950798035,0.22569851577281952,30,0,0,2,0.3333333333295019,1,569,0,30,29,8.778749835834361,,248.58143615722656,843.0458984375,34.90471649169922,119.67576599121094,,1.731241226196289,1.271995186805725,0.0002087540487991646,0.00015182161587290466,53.29460144042969,165.81689453125,15063.216796875,62593.55078125,0.22567533563443642
1590,0.033374421298503876,0.11566600203514099,2.1818835735321045,1.604800820350647,0.00028663854878997584,0.5572019219398499,,0.0,0.027184946462512016,0.03319832310080528,0.7938438393644257,0.06641551852226257,0.0736449807882309,37826.45703125,306174.3125,800564672.0,2979445504.0,12.419847296398125,0.5,0.3687112629413605,,,4201.69775390625,9024.3779296875,33744.26953125,3488.714285714286,8580.8212890625,32094.984375,2.9118101596832275,1.5946440696716309,14.751208305358887,40.2528076171875,6387.41162109375,23890.97265625,113932.2109375,397064.53125,13638.173828125,50664.55078125,12731.607421875,47609.10546875,878.8571166992188,3282.91650390625,0.0639173611998558,0.05321208015084267,14,1,0,2,0.0,1,48842,0,14,12,33.13601134985353,,113053.359375,393789.09375,8107.52392578125,28131.08984375,,2.1110095977783203,3.2086691856384277,0.09980577975511551,0.1325143724679947,12678.3173828125,47409.50390625,800564672.0,2979444992.0,0.6895260134914861
4534,0.04528573527932167,0.12099485099315643,0.834996223449707,0.3582633435726166,0.0027137042062415195,0.778765857219696,,0.0,0.041168805211782455,0.08832810819149017,0.9906239227414301,0.11387579888105392,0.17322418093681335,0.02045801840722561,0.02711036428809166,0.2447306215763092,0.26350492238998413,19.05746494176393,0.5,0.08052895218133926,,,1.3943296670913696,2.8783954775235543e-08,2.098031082198304e-08,368.5,0.4333333373069763,0.5683207511901855,1.7736393213272095,0.3049238324165344,1.3777390718460083,3.7920360565185547,0.1482599824666977,0.45238369703292847,1.2666666507720947,0.44977644085884094,0.5454334020614624,0.4235548675060272,0.5666666626930237,0.626062273979187,0.0,0.0,0.0519808866083622,0.12376970797777176,30,22,0,2,0.057471264367155495,1,11055,0,30,18,15.063524507711854,,1.2666666507720947,0.44977644085884094,0.4652922451496124,0.17090164124965668,,0.5422201156616211,1.7278401851654053,0.4555063545703888,0.07496951520442963,0.5350620150566101,0.5577160120010376,0.2447306364774704,0.18676307797431946,0.39352370761487976
4538,0.02707052230834961,0.029533715918660164,4.392316818237305,6.743495646333031e-07,0.0032411627671427123,0.26041415333747864,0.1749267727136612,0.0,0.0102538475766778,0.004408909473568201,2.193423736133549,0.08952981233596802,0.16665898263454437,3.287777417426696e-06,1.193786556541454e-05,4.4121217797510326e-05,8.711250120541081e-05,14.442297588538837,0.20000000298023224,0.09193286299705505,,,0.018779808655381203,,,308.53125,0.0028590774163603783,0.0035932688042521477,6.433865547180176,0.06778659671545029,47.787200927734375,52.05485916137695,0.0017711310647428036,0.0020242410246282816,0.062485165894031525,0.037235062569379807,0.0013097794726490974,0.00302533688955009,0.0006639944040216506,0.0016078850021585822,-0.040516048669815063,0.035430509597063065,0.15187498927116394,0.06778685748577118,32,0,0,5,0.04435483870923029,4,9873,0,32,32,27.920606128608622,,0.10300122201442719,0.056095853447914124,0.005340125411748886,0.004013432655483484,1.2772252706609921e-05,0.9532139301300049,2.305335283279419,3.930126695195213e-06,4.960906608175719e-06,0.0008235431159846485,0.0019428362138569355,4.4121217797510326e-05,5.1879429520340636e-05,0.6706962561127525
23517,0.004937554709613323,0.0076587931253015995,5.491585731506348,6.291847967077047e-05,0.00021802325581395349,0.05785547196865082,,0.0,2.02274568437133e-05,9.425396456208546e-06,0.9999228673926669,0.2653251588344574,0.2090083211660385,0.02238236926496029,0.017631804570555687,0.08433963358402252,0.13047869503498077,1559.0388113594277,0.5,0.007311867084354162,,,0.05094320699572563,0.009699540212750435,0.019998960196971893,4586.666666666667,0.5056816935539246,0.01726771891117096,6.490866661071777,0.0003289291635155678,-1.200587272644043,0.04853743314743042,0.37332627177238464,0.013680343516170979,1.0,0.0,0.5009744763374329,0.008255545981228352,0.5015201568603516,0.016712218523025513,1.935919135576114e-05,4.761707168654539e-05,0.0006413714145310223,0.00029856027686037123,21,0,0,2,0.13809523809195012,1,96320,0,21,0,8561.255090048506,,0.999980628490448,4.761693344335072e-05,0.29037946462631226,0.004511411767452955,0.08564363733617032,-0.002565797884017229,0.041922859847545624,0.000994610134512186,2.2734304820914986e-06,0.5011675953865051,0.01139883790165186,0.08433963358402252,0.0026279364246875048,0.9966527441909488
40499,0.10338365286588669,0.10066650062799454,4.087278366088867,0.000133283348986879,0.007272727272727273,,,0.0,0.11612109839916229,0.03995255380868912,3.4594316186372978,0.7428268194198608,0.15539520978927612,0.04027753323316574,0.01637638919055462,0.05738963931798935,0.2763817310333252,3.0028426823595247,0.09090910106897354,7.814234592729008e-09,,,3.105161190032959,,,137.5,0.3125874996185303,0.09777244180440903,6.394657611846924,0.33891597390174866,1.1944293975830078,3.5579347610473633,0.22192665934562683,0.0734894722700119,0.4099000096321106,0.2138533890247345,-0.6055166125297546,0.2072039395570755,-0.5960749983787537,0.23637093603610992,-1.167099952697754,0.13892237842082977,1.1520522832870483,0.3390257954597473,40,0,0,11,0.8923076923019724,1,5500,0,40,36,2.5478237700921267,,1.5769999027252197,0.32027119398117065,0.2332013100385666,0.05553283542394638,,0.2851579487323761,0.944007933139801,0.0008607300114817917,0.00018265648395754397,-0.6033732295036316,0.22849592566490173,0.057389646768569946,0.02796364761888981,
40668,0.01740073785185814,0.0507262721657753,0.6780858039855957,0.5528820753097534,0.0006216972334473111,0.16015735268592834,0.08554733544588089,0.0,0.003292098641395569,0.004919466096907854,1.2184443563726475,0.08436565846204758,0.09949920326471329,0.024301305413246155,0.03932894393801689,0.28800010681152344,0.39254510402679443,211.80571287312722,0.3333333432674408,0.29135462641716003,,,0.45530062913894653,1.3932727860321847e-08,6.559396137362228e-09,1608.5,0.380952388048172,0.6608339548110962,1.890777349472046,0.5472785234451294,124.3171615600586,309.67388916015625,0.17649999260902405,0.48595190048217773,2.0,0.0,0.2857142686843872,0.33039525151252747,0.1190476194024086,0.32777005434036255,0.0,0.0,0.0057526505552232265,0.008516448549926281,42,0,0,3,0.01626016260153159,2,67557,6,42,30,116.87360272347853,,2.0,0.0,0.46459096670150757,0.27187350392341614,,6.5164008140563965,8.599349975585938,0.33332347869873047,0.0,0.1712106615304947,0.3380190432071686,0.2880001366138458,0.25377094745635986,0.9418645107965921
40670,0.0026812362484633923,0.013053331524133682,0.806063175201416,0.06377891451120377,0.05649717514124294,0.8475946187973022,0.03132682666182518,0.0,0.025473181158304214,0.05958060920238495,1.4797951605545792,0.03125807270407677,0.04128286987543106,0.005839909892529249,0.00786659587174654,0.18626126646995544,0.13295607268810272,68.42526908562114,0.3333333432674408,0.16091902554035187,,,1.7481753826141357,1.3462670089836593e-08,1.2279551819815993e-09,17.7,0.48750001192092896,0.5001919865608215,2.2642319202423096,0.07371716946363449,-0.5659308433532715,0.623335599899292,0.0,0.0,1.0,0.0,0.25267142057418823,0.051385290920734406,0.011111111380159855,0.1051143929362297,0.0,0.0,0.021626444533467293,0.05165758728981018,180,180,0,3,0.0,2,3186,0,180,92,36.272108529011675,,1.0,0.0,0.43095070123672485,0.023362359032034874,0.17033764115518982,1.1625638008117676,0.288364052772522,0.4998430907726288,8.965636055791038e-08,0.09070780873298645,0.08150190114974976,0.18626123666763306,0.020004795864224434,0.07760301316514062
40701,0.02732027694582939,0.15330570936203003,3.3217251300811768,1.2746758460998535,0.004,0.429717093706131,,0.0,0.005829156376421452,0.014898883178830147,0.5878935751446988,0.035746507346630096,0.15765641629695892,26.631126403808594,98.33680725097656,104752.515625,465808.90625,37.93293763678433,0.5,0.5071370005607605,,,62.63658905029297,3.148866653442383,14.082056045532227,250.0,145.7547607421875,554.5615844726562,3.89411997795105,1.2771557569503784,0.4097866117954254,1.5763506889343262,107.41141510009766,411.3488464355469,356.552001953125,1100.6226806640625,179.60427856445312,550.4794921875,179.1405029296875,550.6354370117188,0.05000000074505806,0.22360679507255554,0.015498235821723938,0.022350914776325226,20,2,0,2,0.02631578947299169,1,5000,6,20,16,213.3292339349609,,356.50201416015625,1100.628173828125,87.52995300292969,319.6890563964844,1.0141174185407342,0.3556605577468872,0.7659850716590881,0.07808127254247665,0.1625727117061615,179.279541015625,550.5839233398438,104752.515625,465808.65625,0.8153432304158712
40975,-4.966666522498997e-10,8.332179390890815e-11,1.7924813032150269,0.2273254096508026,0.003472222222222222,0.35874053835868835,0.30985042452812195,0.0,0.05460648611187935,0.0551796592772007,1.205740970012175,0.0,0.0,0.0,0.0,0.9588882923126221,0.3196898400783539,10.538250249090794,0.25,0.31236532330513,,,2.2218291759490967,3.499999579048563e-08,5.47722578403409e-09,288.0,1.75,0.273861289024353,2.8838069438934326,0.3008135259151459,-1.4318166971206665,0.07659248262643814,1.4826000928878784,1.3058723880021716e-07,2.5,0.547722578048706,1.25,0.273861289024353,1.25,0.273861289024353,0.0,0.0,0.11441566795110703,0.10402119904756546,6,0,0,4,0.0,3,1728,0,6,0,14.666396392823774,,2.5,0.547722578048706,0.9675452709197998,0.1652066558599472,,0.0,0.0,0.29125651717185974,0.045669980347156525,1.25,0.273861289024353,0.9588882923126221,0.3196898400783539,0.4609176569284331
40979,0.04216177761554718,0.07703126966953278,1.5379008054733276,0.3169834315776825,0.12,0.847342848777771,0.09569577127695084,0.0,0.24949237704277039,0.10997475683689117,3.321928094887362,0.17214736342430115,0.1586134433746338,1.074449062347412,1.0887482166290283,6.141880989074707,23.76036834716797,10.201165106480866,0.10000000149011612,0.0,3.0553085803985596,1.0198249816894531,40.98869323730469,2.169308662414551,0.690180242061615,8.333333333333334,4.491666793823242,1.9852840900421143,4.534186840057373,0.3398202657699585,-0.8309618830680847,1.8626713752746582,1.0717962980270386,1.4974874258041382,6.866666793823242,0.49148961901664734,4.026270389556885,1.1379327774047852,4.306250095367432,2.4286820888519287,1.0,0.0,0.32564201951026917,0.1137525662779808,240,0,0,10,0.04926778242676966,9,2000,0,240,46,3.7226729725388723,,5.866666793823242,0.49148961901664734,2.446120262145996,0.3987979292869568,1.0225323006932692,-0.03631580248475075,0.9633398056030273,0.14620009064674377,0.01398584432899952,4.136593818664551,1.6815828084945679,6.141881465911865,1.7348716259002686,1.952332851043426e-06
40982,0.08691929280757904,0.1299951821565628,3.1837451457977295,0.8358551859855652,0.013910355486862442,0.874735951423645,0.19707348942756653,0.0,0.10279122740030289,0.0889751985669136,2.4106904422724416,0.24536862969398499,0.2259642481803894,9021001728.0,168087388160.0,242991513600.0,1211220361216.0,5.7862989531863125,0.1428571492433548,0.11490876227617264,,,1235067.25,,,71.88888888888889,129639.65625,456248.34375,5.177814960479736,0.8161402940750122,109.18518829345703,344.8948059082031,90501.9921875,323211.0,1398296.75,4014170.75,130102.8125,440072.0,90009.3984375,321145.375,555.4741821289062,1792.111572265625,0.4166204333305359,0.16520652174949646,27,2,0,7,0.139601139599151,5,1941,0,27,15,6.641837048350745,,1397741.125,4012672.5,150690.09375,478284.9375,,3.7354676723480225,8.630699157714844,0.052722714841365814,0.14375808835029602,95119.9375,337599.65625,242991513600.0,839160496128.0,1.8261173235946555e-17
40983,0.03917352482676506,0.06424098461866379,3.9999866485595703,1.3808738003717735e-05,0.0010332713370531101,0.3908238112926483,,0.0,0.0017985865706577897,0.0010886196978390217,0.3028903171988337,0.2376902997493744,0.2647741436958313,894.125,1333.2889404296875,6532.04248046875,10800.271484375,13.882455183427238,0.5,0.6308286786079407,,,93.80445098876953,160.1699676513672,197.4698028564453,967.8,61.785484313964844,88.7593002319336,4.2810587882995605,0.009725656360387802,47.93604278564453,55.390235900878906,45.18214797973633,65.48400115966797,1076.1246337890625,833.745849609375,204.97116088867188,193.75918579101562,198.04598999023438,192.41122436523438,50.85789489746094,52.07244873046875,0.021818209439516068,0.009715021587908268,5,0,0,2,0.09999999995,1,4839,0,5,5,182.3324867847312,,1025.2667236328125,785.4299926757812,61.205467224121094,59.011993408203125,1.256052850471699,3.3713386058807373,3.91983962059021,1.541839083074592e-05,1.5534636986558326e-05,199.20327758789062,193.5886688232422,6532.0419921875,10229.8154296875,0.8472567531914091
40984,0.1354408711194992,0.1594989150762558,3.2874269485473633,1.1266335248947144,0.006926406926406926,0.7632666826248169,0.23913508653640747,0.0,0.1310262382030487,0.07328606396913528,2.8073549220576037,0.30984026193618774,0.34792691469192505,205.04913330078125,457.90081787109375,867.9852294921875,2258.216064453125,2.937019359486385,0.1428571492433548,0.0,,,243.7903289794922,,,144.375,18.889568328857422,21.558324813842773,5.138930320739746,0.8763002753257751,43.31801223754883,97.17816162109375,11.902486801147461,13.104104995727539,206.1190643310547,395.0680236816406,13.168661117553711,19.388628005981445,7.405647277832031,13.179019927978516,-6.190261363983154,14.528728485107422,0.955851674079895,0.5619919896125793,16,0,0,7,0.3083333333204861,5,2310,0,16,15,2.439264610154553,,212.309326171875,392.2779846191406,21.90869903564453,20.343557357788086,0.05317799446276005,3.7213945388793945,5.004308223724365,0.03752392530441284,0.10025561600923538,8.969352722167969,15.186287879943848,867.985107421875,1048.8106689453125,0.00036050238932240365
40994,0.012796204537153244,0.0027330939192324877,2.9999606609344482,2.453307104133273e-07,0.03333333333333333,0.5272502303123474,,0.0,0.003631288418546319,0.004329052288085222,0.4201910370851764,0.009228913113474846,0.007278142496943474,0.000770480721257627,0.0006076034624129534,0.08348699659109116,0.004158112220466137,21.487301196408797,0.5,0.5866367220878601,0.3679400384426117,0.0011445815907791257,0.5501825213432312,0.11433754861354828,0.03129430487751961,30.0,0.4984503984451294,0.0014402077067643404,3.4005959033966064,0.02405121736228466,-1.2066742181777954,0.0006819642148911953,0.3705357313156128,0.001007569720968604,0.9985848665237427,0.0009555910946801305,0.5000221133232117,6.029812720953487e-05,0.49994271993637085,0.0005873892805539072,0.0013603894039988518,0.0011758537730202079,0.01955532096326351,0.024051232263445854,18,0,0,2,0.0,1,540,0,18,0,152.4089198069634,,0.9972245097160339,0.0015944585902616382,0.2889411449432373,8.702230843482539e-05,,5.469590178108774e-06,0.0007062146905809641,0.0,0.0,0.500009298324585,8.413211617153138e-05,0.08348698914051056,5.0292474043089896e-05,0.7220071672726613
41027,0.008456219919025898,0.018997861072421074,2.6969709396362305,0.4368879795074463,0.00013387179544389658,0.41615504026412964,0.17451679706573486,0.0,0.01580875925719738,0.008983995765447617,1.3491090889091473,0.004192965570837259,0.008658917620778084,0.02742649056017399,0.059147123247385025,6.457387924194336,1.5905359983444214,18.76188868727607,0.3333333432674408,0.21435357630252838,,,3.1904258728027344,6.000778540737883e-08,2.2685719969217644e-08,7469.833333333333,5.333333492279053,1.0327955484390259,3.9741733074188232,0.39036524295806885,-1.3345369100570679,0.07798473536968231,3.459399938583374,0.7656112313270569,7.0,0.8944271802902222,3.7195796966552734,0.5619224309921265,4.0,0.8944271802902222,0.0,0.0,0.07190689444541931,0.06280691176652908,6,0,0,3,0.0,2,44819,1,6,0,36.506431645080326,,7.0,0.8944271802902222,2.523533582687378,0.327109158039093,,-0.20973283052444458,0.32492488622665405,0.15130381286144257,0.04029043763875961,3.865938186645508,0.7220990061759949,6.457387447357178,1.5829404592514038,0.6481242884829721
