id,attr_conc.mean,attr_conc.sd,attr_ent.mean,attr_ent.sd,attr_to_inst,can_cor.mean,can_cor.sd,cat_to_num,class_conc.mean,class_conc.sd,class_ent,cor.mean,cor.sd,cov.mean,cov.sd,eigenvalues.mean,eigenvalues.sd,eq_num_attr,freq_class.mean,freq_class.sd,g_mean.mean,g_mean.sd,gravity,h_mean.mean,h_mean.sd,inst_to_attr,iq_range.mean,iq_range.sd,joint_ent.mean,joint_ent.sd,kurtosis.mean,kurtosis.sd,mad.mean,mad.sd,max.mean,max.sd,mean.mean,mean.sd,median.mean,median.sd,min.mean,min.sd,mut_inf.mean,mut_inf.sd,nr_attr,nr_bin,nr_cat,nr_class,nr_cor_attr,nr_disc,nr_inst,nr_norm,nr_num,nr_outliers,ns_ratio,num_to_cat,range.mean,range.sd,sd.mean,sd.sd,sd_ratio,skewness.mean,skewness.sd,sparsity.mean,sparsity.sd,t_mean.mean,t_mean.sd,var.mean,var.sd,w_lambda,best_node.mean,best_node.sd,elite_nn.mean,elite_nn.sd,leaves,leaves_branch.mean,leaves_branch.sd,leaves_corrob.mean,leaves_corrob.sd,leaves_homo.mean,leaves_homo.sd,leaves_per_class.mean,leaves_per_class.sd,linear_discr.mean,linear_discr.sd,naive_bayes.mean,naive_bayes.sd,nodes,nodes_per_attr,nodes_per_inst,nodes_per_level.mean,nodes_per_level.sd,nodes_repeated.mean,nodes_repeated.sd,one_nn.mean,one_nn.sd,random_node.mean,random_node.sd,tree_depth.mean,tree_depth.sd,tree_imbalance.mean,tree_imbalance.sd,tree_shape.mean,tree_shape.sd,var_importance.mean,var_importance.sd,worst_node.mean,worst_node.sd,best_node,elite_nn,leaves_branch,leaves_corrob,leaves_homo,leaves_per_class,linear_discr,naive_bayes,nodes_per_level,nodes_repeated,one_nn,random_node,tree_depth,tree_imbalance,tree_shape,var_importance,worst_node
3,0.01682325080037117,0.04715381190180778,0.5901483297348022,0.33852165937423706,0.011264080100125156,0.40039968490600586,0.5648695826530457,,0.023130225017666817,0.04485301300883293,0.998575538655458,0.08564411103725432,0.10816677659749983,0.01123369112610817,0.01881315000355244,0.1303674429655075,0.15958666801452634,52.14040411011706,0.5,0.0314171239733696,,,0.7648853371943696,1.0938899777102051e-06,5.176107151783072e-06,88.77777777777777,0.3421052694320679,0.4807828664779663,1.5695720911026,0.3319723308086395,105.21101379394531,517.1173095703125,0.0,0.0,1.0,0.0,0.724326491355896,0.26688075065612793,0.8157894611358643,0.39285948872566223,0.0,0.0,0.019151665270328518,0.039187096059322364,36,35,36,2,0.01422475106675516,2,3196,0,0,25,29.81446440391025,0.0,1.0,0.0,0.3320086300373077,0.14381229877471924,0.03887493809255442,-4.055867671966554,9.652986526489258,0.4952124357223511,0.02778647094964981,0.7687970995903015,0.3391067385673523,0.1303674578666687,0.0851004347205162,0.3602831574630378,0.4899618029594421,0.12725324928760529,0.5222159624099731,0.0006838809931650758,57.0,9.140351295471193,3.1364138126373287,0.017543859779834747,0.041352469474077225,18342.62890625,45953.41796875,0.5,0.11164843291044237,0.8904169797897339,0.07505905628204346,0.6090601682662964,0.09429000318050383,56.0,1.4736842105263157,0.01752190237797246,3.5,2.4221203327178955,1.5882352590560913,0.7830649614334106,0.7622144818305969,0.07345566153526306,0.5478330850601196,0.10628810524940492,8.230088233947754,3.3058629035949707,0.05483274906873703,0.09255900233983994,0.05224555730819702,0.09386973828077316,0.026315789669752118,0.06327950954437256,0.4722159802913666,0.10879980772733687,,,,,,,,,,,,,,,,,
6,0.03317202627658844,0.046998485922813416,2.9744281768798833,0.2553794384002685,0.0008,0.4678351581096649,0.2779189646244049,0.0,0.09957724809646606,0.07452350109815598,4.699810726573159,0.1828959286212921,0.2088339924812317,0.949367880821228,1.15080988407135,5.344023704528809,6.297241687774657,9.49055358488765,0.038461539894342416,0.0011587328044697642,,,4.932417392730713,3.206433393643237e-05,7.003481732681394e-05,1250.0,2.625,0.7187952995300293,7.17902946472168,0.4191437959671021,0.6968936920166016,0.6926791071891785,2.0385749340057373,0.7412999868392944,15.0,0.0,5.9254655838012695,1.821919560432434,5.75,1.9148542881011963,0.0,0.0,0.4952093064785004,0.3199243247509003,16,0,0,26,0.12499999999479168,16,20000,0,16,15,5.006405726045308,,15.0,0.0,2.2737712860107417,0.4307987689971924,1.842830618383136,0.2902534902095795,0.4700895845890045,0.06245312094688416,0.0,5.84193229675293,1.9171175956726076,5.344023704528809,2.054561853408813,0.0009799781945214082,0.0718027800321579,0.0017295375000685453,0.09435144066810608,0.018837619572877884,2235.0,16.102909088134766,4.064405918121338,0.0004474273009691387,0.001869709463790059,172386464.0,709935488.0,0.038461539894342416,0.009565724059939384,0.7013683915138245,0.013198112137615679,0.6424087882041931,0.01087086834013462,2234.0,139.625,0.1117,82.74073791503906,73.45307159423828,142.6666717529297,31.89864921569824,0.9602985382080078,0.004546248819679022,0.06854599714279175,0.00872771441936493,15.106735229492188,4.295854091644287,0.03832511231303215,0.053128663450479514,0.0032806175295263533,0.013890525326132773,0.0625,0.041308019310235984,0.050399743020534515,0.002217269502580166,,,,,,,,,,,,,,,,,
11,-6.249999962015806e-10,5.797950450123035e-17,2.3219280242919917,0.0,0.0064,0.423927366733551,0.5638095140457153,0.0,0.04375595226883888,0.0,1.318116246441582,0.0,0.0,0.0,0.0,2.0032050609588623,0.0,9.73826567792496,0.3333333432674408,0.22077876329422,2.605171203613281,1.9466796175038328e-07,1.2190676927566528,2.189781188964844,1.376510283535026e-07,156.25,2.0,0.0,3.504689931869507,0.0,-1.3054356575012207,0.0,1.4825999736785889,0.0,5.0,0.0,3.0,0.0,3.0,0.0,1.0,0.0,0.13535431027412415,0.0,4,0,0,3,0.0,2,625,0,4,0,16.154445015253728,,4.0,0.0,1.4153462648391724,0.0,1.057552965930766,0.0,0.0,0.1987179517745972,0.0,3.0,0.0,2.0032050609588623,0.0,0.3231215738378685,0.4512984752655029,0.10190348327159883,0.28952381014823914,0.2737237215042114,161.0,8.111801147460938,1.453417420387268,0.006211180239915848,0.014286641031503676,7467.00927734375,5244.84765625,0.3333333134651184,0.02585920691490173,0.8542909622192383,0.05927237123250961,0.8407989740371704,0.09856989979743958,160.0,40.0,0.256,16.0,11.944315910339355,40.0,6.557438373565674,0.7109133005142212,0.08022208511829376,0.5693143606185913,0.07398698478937149,7.140186786651611,1.9642837047576904,0.12501457333564758,0.07488376647233963,0.040688082575798035,0.03823166713118553,0.25,0.01565221324563026,0.6584061980247498,0.07487834990024568,,,,,,,,,,,,,,,,,
12,0.033576399087905884,0.05009167268872261,3.524252653121948,0.12456779181957245,0.10800000000000001,1.0,0.0,0.0,0.08749956637620926,0.02844957448542118,3.3219280948873617,0.2496260702610016,0.19686926901340485,724.1861572265625,1725.1678466796875,4581.54296875,28058.779296875,5.317641097190179,0.10000000149011612,0.0,,,1216.083984375,304.2240905761719,345.87725830078125,9.25925925925926,69.26041412353516,66.23976898193361,6.221481323242188,0.18510036170482635,-0.3200811743736267,0.5393288731575012,49.47148132324219,47.52936935424805,474.6111145019531,480.63031005859375,318.2703857421875,346.74517822265625,318.1134338378906,348.9423828125,188.0601806640625,237.68820190429688,0.6246995329856873,0.17937685549259186,216,0,0,10,0.11119724375535936,6,2000,1,216,131,4.64151604888887,,286.5509338378906,267.6121826171875,49.58131790161133,46.18562316894531,,0.02751917764544487,0.4249703884124756,0.018878348171710968,0.01891430467367172,317.91851806640625,348.0111083984375,4581.54296875,5584.12548828125,8.121586543049359e-103,0.1919999867677689,0.005868935491889715,0.2384999990463257,0.03659462556242943,119.0,10.159664154052734,3.3037807941436768,0.008403361774981022,0.021809682250022888,62460.921875,137584.03125,0.10000000894069673,0.03746596723794937,0.9810000658035278,0.00843273289501667,0.9244999885559082,0.015356861986219885,118.0,0.5462962962962963,0.059000000000000004,6.941176414489746,4.866602897644043,1.288888931274414,0.6403027176856995,0.947499930858612,0.01874537393450737,0.18050000071525574,0.016064107418060303,9.206750869750977,3.520442485809326,0.057947386056184776,0.0840601846575737,0.04030461609363556,0.07319862395524979,0.0046296296641230575,0.01540754269808531,0.19600000977516172,0.006146362517029047,,,,,,,,,,,,,,,,,
14,0.011349091306328772,0.007512731943279505,3.5849568843841557,1.5505153214689924e-06,0.038,0.7214370965957642,0.23007394373416898,0.0,0.03862249851226807,0.03471880033612251,3.3219280948873617,0.14589066803455353,0.1035204529762268,0.0007167773437686265,0.0009834524244070053,0.005520282778888941,0.012127961032092571,11.400915502303189,0.10000000149011612,0.0,0.111769899725914,0.058905303478240974,0.8428018689155579,0.08416001498699187,0.04566589370369911,26.315789473684212,0.09598726034164427,0.053104806691408164,6.6155104637146,0.23040829598903656,0.11259553581476213,0.6362909078598022,0.06997289508581161,0.03795016929507256,0.3819513618946075,0.14996470510959625,0.13203206658363342,0.06846331804990767,0.12622766196727753,0.06987199932336807,0.0031921565532684326,0.002479226561263204,0.2913737893104553,0.23040825128555295,76,0,0,10,0.00631578947367313,9,2000,0,76,69,11.303633401555256,,0.3787591755390167,0.1483534723520279,0.06710795313119887,0.032099265605211265,0.005857333297368099,0.5438839793205261,0.2488123029470444,1.6150988813024012e-06,5.298020369082224e-07,0.12739264965057373,0.06888200342655182,0.005520282778888941,0.005878874100744724,5.040480574905424e-05,0.19099998474121094,0.008096635341644287,0.2290000170469284,0.03935592249035835,235.0,11.170212745666504,3.3963222503662114,0.004255319014191628,0.012463482096791269,309549.25,780509.25,0.10000000149011612,0.051700133830308914,0.8060000538825989,0.02389792911708355,0.765999972820282,0.02601281926035881,234.0,3.0789473684210527,0.11699999999999999,12.315789222717285,8.492171287536621,3.257142782211304,2.075989246368408,0.8269999623298645,0.021239379420876503,0.1680000126361847,0.023475755006074902,10.196162223815918,3.636223554611206,0.05177590250968933,0.07519286870956421,0.023345833644270897,0.04959140345454216,0.013157894834876059,0.0274969395250082,0.13449999690055847,0.014990739524364471,,,,,,,,,,,,,,,,,
15,0.21167609095573425,0.16132374107837674,1.6732922792434692,0.8517021536827087,0.012875536480686695,,,0.0,0.27691155672073364,0.16676083207130432,0.9293179372497984,,,,,,,2.159787063805028,0.5,0.21951670944690704,,,,,,77.66666666666667,,,2.1723279953002934,0.6918353438377379,,,,,,,,,,,,,0.4302822053432465,0.2097529023885727,9,0,0,2,0.5555555554783951,1,699,1,9,5,2.888825060161526,,,,,,,,,0.09309954196214676,0.02132573351264,2.2583794593811035,0.8609917163848877,,,,,,,,,,,,,,,,,,,,,,,,,,,,,,,,,,,,,,,,,,,,,,,,,,,,,,,,,,
16,0.008654044009745121,0.0034985824022442107,3.584956645965576,1.081364985111577e-06,0.032,0.8098471164703369,0.1144689992070198,0.0,0.036046609282493584,0.025178888812661167,3.3219280948873617,0.1072004735469818,0.08336768299341203,0.5524603128433228,0.9243396520614624,6.491588592529298,13.013809204101562,12.060030436464036,0.10000000149011612,0.0,,,22.833852767944336,,,31.25,2.9604337215423584,2.0538280010223393,6.6314353942871085,0.18086698651313785,-0.05149001628160477,0.25343790650367737,2.1821022033691406,1.492337703704834,6.89372444152832,3.9036383628845215,0.05308474600315094,0.7394593358039856,0.045688554644584656,0.7425865530967712,-6.756514549255371,3.373929262161255,0.2754493951797485,0.1808668076992035,64,0,0,10,0.0004960317460305159,9,2000,28,64,61,12.014937217849276,,13.650238990783693,7.023282527923584,2.1526627540588383,1.3737239837646484,1.851103419708128,-0.00427924795076251,0.16445839405059814,1.5170674032560785e-06,5.363523669643656e-08,0.04625144228339195,0.7426381111145021,6.491588592529298,9.755558013916016,1.2562743623196653e-05,0.1879999935626984,0.007527724839746951,0.2795000076293945,0.026294276118278503,186.0,9.172042846679688,2.213587760925293,0.005376344081014396,0.01512580644339323,26000.337890625,38869.72265625,0.10000000149011612,0.023256098851561543,0.9510000348091124,0.011972191743552685,0.9389999508857728,0.021959548816084862,185.0,2.890625,0.0925,13.214285850524902,10.482063293457033,3.2181818485260014,2.0966544151306152,0.9739998579025269,0.011972207576036452,0.14949998259544373,0.01640630140900612,8.199460983276367,2.573902368545532,0.07865150272846222,0.08956898003816605,0.033042989671230316,0.04568686708807945,0.015625,0.029708420857787125,0.14949998259544373,0.019213711842894558,,,,,,,,,,,,,,,,,
18,0.2498230040073395,0.2026091068983078,2.6010475158691406,1.1132057905197144,0.003,0.6018713712692261,0.3431772589683533,0.0,0.452614426612854,0.32442232966423035,3.3219280948873617,0.572757363319397,0.3213095963001251,6498.5537109375,23504.32421875,2353407.5,5764630.5,2.6814931207526422,0.10000000149011612,0.0,,,1720.8843994140625,695.152099609375,1628.299072265625,333.3333333333333,1006.6428833007812,2443.653564453125,4.684140682220459,1.02084219455719,-0.5403572916984558,0.4127961695194245,708.3668823242188,1721.29248046875,2969.839111328125,7154.2451171875,1052.6998291015623,2500.476318359375,901.68701171875,2133.722412109375,256.69781494140625,580.8272705078125,1.2388352155685425,0.2768004834651947,6,0,0,10,0.7333333330888888,6,2000,0,6,1,1.0995912406086523,,2713.141357421875,6574.396484375,630.9071044921875,1531.8082275390625,,0.5307703018188477,0.3663418591022492,0.10697010159492493,0.13428187370300293,960.9828491210938,2278.14208984375,2353407.75,5764340.0,0.0015175376020758304,0.1979999989271164,0.004830459598451853,0.2854999899864197,0.04651463404297829,515.0,16.176698684692386,7.285308837890625,0.0019417478470131755,0.0067202658392488965,15331829760.0,98915008512.0,0.09999998658895493,0.08410380035638809,0.7389999628067017,0.018973665311932564,0.6944999694824219,0.026920672506093982,514.0,85.66666666666667,0.257,14.277777671813965,12.82767391204834,102.4000015258789,87.58025360107422,0.445499986410141,0.026609310880303383,0.1984999924898148,0.0024152344558387995,15.193391799926758,7.402052879333496,0.0260640811175108,0.04920708388090134,0.009814064018428327,0.03611985221505165,0.1666666716337204,0.0753241777420044,0.19749999046325686,0.004859128035604954,,,,,,,,,,,,,,,,,
22,0.029357077553868294,0.06805448979139328,3.5849571228027344,1.418366196048737e-06,0.0235,0.7160987854003906,0.25578629970550537,0.0,0.05397893860936165,0.0241114292293787,3.3219280948873617,0.25776731967926025,0.21297228336334229,386.5445861816406,828.0089721679688,2910.4384765625,7370.015625,8.331038598282442,0.10000000149011612,0.0,76.10955047607422,100.6161880493164,695.8377075195312,59.27452850341797,97.41204833984376,42.5531914893617,56.50729370117188,51.86985397338867,6.508143424987793,0.17152056097984314,0.7268303632736206,1.4168759584426882,40.9875602722168,37.67096710205078,221.2252349853516,207.4585266113281,88.63642120361328,105.16803741455078,83.48502349853516,103.6820297241211,13.034600257873535,49.827003479003906,0.3987411856651306,0.17152024805545807,47,0,0,10,0.1267345050872954,9,2000,0,47,40,7.99068567083946,,208.19061279296875,186.0390625,40.12545776367188,36.45073318481445,,0.7896441221237183,0.4869306981563568,4.273884314898169e-06,3.892503627866971e-06,84.67692565917969,104.00831604003906,2910.4384765625,3886.029296875,0.00011890223101646001,0.18549999594688416,0.006851597223430872,0.1835000216960907,0.01886354386806488,344.0,15.447674751281738,9.513693809509276,0.0029069767333567142,0.009573487564921379,35061474787328.0,325411787505664.0,0.10000000149011612,0.07288986444473268,0.8140000104904175,0.03264285996556282,0.7265000343322754,0.018416479229927063,343.0,7.297872340425532,0.1715,7.0,8.995368957519531,7.391304492950439,3.3893840312957764,0.8000000119209291,0.021858133375644684,0.1704999953508377,0.02773385494947433,14.4716157913208,9.59783172607422,0.01998299919068813,0.048137184232473366,0.0161174014210701,0.04233253002166748,0.021276595070958138,0.026330197229981426,0.1574999839067459,0.01961433887481689,,,,,,,,,,,,,,,,,
23,0.031597960740327835,0.04344458878040314,1.6288737058639526,0.9841619729995728,0.006109979633401222,,,3.5,0.018319196999073032,0.009382840245962143,1.5390345832497476,0.1320481151342392,0.13243789970874786,0.12397480756044388,0.8498749732971191,4.217672348022462,16.300752639770508,41.593047772466846,0.3333333432674408,0.1011609435081482,,,1.3830889587902224,1.6920034885406494,7.178562641143799,163.66666666666666,1.3333333730697632,3.0097880363464355,3.130906105041504,0.96284818649292,3.2280595302581787,11.878388404846193,0.6589333415031433,2.1707770824432373,4.5,11.65307331085205,2.281134366989136,7.5860228538513175,2.1111111640930176,7.498147964477539,0.8888888955116272,3.7712361812591553,0.03700220584869385,0.025534788146615032,9,3,7,3,0.03267973856102354,3,1473,0,2,9,43.020986922640134,0.2857142857142857,3.6111111640930176,8.139510154724121,0.9406303763389589,1.878546953201294,,1.1891558170318604,1.9601035118103027,0.2879697680473328,0.17916856706142426,2.1715002059936523,7.465282917022705,4.217672348022462,15.890926361083984,0.8183910297154804,0.4270256459712982,0.0021418379619717602,0.38825869560241705,0.03128962591290474,705.0,13.070921897888185,2.9696507453918457,0.0014184396713972092,0.0027613714337348942,2288469.75,6269636.5,0.3333333432674408,0.04039440304040909,0.5091791749000549,0.033129595220088966,0.4270172715187073,0.04236306250095368,704.0,39.111111111111114,0.4779361846571623,33.52381134033203,31.563615798950195,27.70588302612305,26.025863647460934,0.4446035921573639,0.041008830070495605,0.4290664792060852,0.0072970669716596595,12.08090877532959,3.2679548263549805,0.045881465077400214,0.055072017014026635,0.007712580729275942,0.030086122453212738,0.0555555559694767,0.08266516774892807,0.4270256459712982,0.0021418379619717602,,,,,,,,,,,,,,,,,
28,0.0348273441195488,0.10379668325185776,2.1819868087768555,1.390175461769104,0.011387900355871887,,,0.0,0.12041394412517548,0.09464684128761293,3.3218327248667654,,,2.235989570617676,3.583604097366333,18.813697814941406,36.94660186767578,10.606271930430117,0.10000000149011612,0.0012126348447054625,,,37.196380615234375,6.784748052268696e-08,1.448256057301478e-07,87.8125,6.0,5.151668071746826,5.190624237060547,1.222645282745361,162.98745727539062,478.73931884765625,3.637003183364868,3.7164146900177,13.390625,5.016218662261963,4.911243438720703,4.2227783203125,4.765625,5.070118427276611,0.0,0.0,0.3131951093673706,0.20501339435577395,64,3,0,10,0.0282738095237394,1,5620,2,64,29,5.966860735497253,,13.390625,5.016218662261963,3.6862926483154297,2.303884029388428,,5.278017997741699,11.161112785339355,0.12412652373313905,0.1883542686700821,4.77814531326294,4.756955146789551,18.813697814941406,14.952573776245115,,0.19466900825500488,0.003891050582751632,0.19661132991313932,0.02530400268733501,366.0,10.85792350769043,2.90800142288208,0.002732240362092853,0.010546713136136532,330973.5625,991818.625,0.10000000149011612,0.03972359746694565,0.9471185803413392,0.011641315184533596,0.7900184392929077,0.02289442159235477,365.0,5.703125,0.06494661921708185,19.210525512695312,16.403181076049805,7.300000190734862,3.791774034500122,0.9843322634696959,0.005760252010077238,0.1640099287033081,0.02897440083324909,9.874144554138184,3.2041115760803223,0.057851862162351615,0.08311150968074799,0.018557699397206303,0.031258031725883484,0.015625,0.02626639604568481,0.1016031876206398,0.00057993084192276,,,,,,,,,,,,,,,,,
29,0.12546159327030182,0.23348505795001984,1.4553238153457642,1.098124623298645,0.021739130434782608,,,1.5,0.15606769919395447,0.24699917435646054,0.9912308989033524,,,,,,,10.948669322969339,0.5,0.0778842344880104,,,,,,46.0,,,2.356020450592041,1.0766913890838623,,,,,,,,,,,,,0.09053437411785126,0.11571644991636275,15,3,9,2,0.01882613510510063,1,690,2,6,35,15.074820849834289,0.6666666666666666,,,,,,,,0.19221657514572146,0.19898152351379395,6.956846714019775,28.805742263793945,,,,,,,,,,,,,,,,,,,,,,,,,,,,,,,,,,,,,,,,,,,,,,,,,,,,,,,,,,
31,0.016076009720563892,0.03111589327454567,1.653983473777771,0.834839940071106,0.02,0.2958148717880249,0.32639238238334656,1.8571428571428568,0.008086970075964928,0.012902482412755491,0.8812908992306927,0.06242704764008523,0.08091484010219574,23.267108917236328,621.9285278320312,162614.8125,1138271.0,53.248478578474675,0.5,0.2828426957130432,,,952.6891751778926,38.03564834594727,258.35848999023443,50.0,54.13775634765625,372.2657165527344,2.518723964691162,0.8284517526626587,9.563424110412598,21.94251251220703,33.66107177734375,232.3924102783203,380.1428527832031,2631.435546875,68.26551818847656,467.1390380859375,48.64285659790039,331.2091979980469,5.653061389923097,35.74070358276367,0.016550537198781967,0.02183125354349613,20,3,13,2,0.0076530612244572575,2,1000,0,7,33,98.93534165180635,0.5384615384615384,374.4898071289063,2595.79052734375,58.43964385986328,403.1330871582031,,2.306801080703736,2.4860093593597408,0.24926209449768064,0.1455995887517929,52.27058410644531,356.289306640625,162614.8125,1138262.5,0.7196275470776056,0.6999999284744263,6.282881059860301e-08,0.599000096321106,0.0401248037815094,190.0,10.289473533630373,3.406404733657837,0.005263157654553653,0.010497882030904291,164724.53125,406655.75,0.5,0.029772933572530743,0.7540000081062317,0.054201263934373856,0.722000002861023,0.04157990962266922,189.0,3.8571428571428568,0.18899999999999997,10.5,6.644325256347656,4.022727489471436,5.101247310638428,0.6079999804496765,0.041311819106340415,0.7019999623298645,0.006324567832052708,9.31926155090332,3.642913341522217,0.05752013623714448,0.08549746125936508,0.03155730292201042,0.04692092910408974,0.02040816284716129,0.030752344056963917,0.6999999284744263,6.282881059860301e-08,,,,,,,,,,,,,,,,,
32,0.04143332690000534,0.03667573630809784,3.913334846496582,0.42575156688690186,0.001455604075691412,0.6743752360343933,0.21804821491241452,0.0,0.10800017416477203,0.05937555432319641,3.3207717388905955,0.2711952328681946,0.20431555807590485,240.30587768554688,207.7193145751953,929.6726684570312,1327.6717529296875,4.579590032382226,0.10000000149011612,0.004219830967485905,,,144.8126678466797,8.538650035916363e-07,2.114273229381069e-06,687.0,48.5625,19.287193298339844,6.508982181549072,0.5446333289146423,-0.5018154382705688,1.1469824314117432,31.922229766845703,12.665803909301758,100.0,0.0,50.71104431152344,16.76218032836914,49.84375,22.7652645111084,0.0,0.0,0.7251242399215698,0.24208730459213254,16,0,0,10,0.12499999999479168,9,10992,0,16,3,4.396778318140038,,100.0,0.0,29.77423858642578,6.785664081573486,4.293889565584633,-0.03918546438217163,0.6761329770088196,0.009862085804343224,0.00014513083442579955,50.02145385742188,20.739126205444336,929.6726684570312,392.62890625,0.0005760820616996407,0.2011549025774002,0.006015924271196127,0.25671347975730896,0.021902581676840786,352.0,10.392045021057127,2.753861665725708,0.0028409091755747795,0.011298756115138529,294878.46875,1057393.375,0.10000000149011612,0.03481450304389,0.8760255575180054,0.025124549865722656,0.8560261726379395,0.019512074068188667,351.0,21.9375,0.03193231441048035,18.473684310913086,17.551094055175778,21.933332443237305,5.945786476135254,0.9930845499038696,0.002443698002025485,0.19840086996555328,0.007418997585773469,9.40825080871582,3.0661816596984863,0.05603165179491043,0.07000567764043808,0.019838344305753708,0.029815660789608955,0.0625,0.03692203015089035,0.20423495769500727,0.00193579972255975,,,,,,,,,,,,,,,,,
37,0.0288405679166317,0.032110545784235,2.9581058025360107,0.3416893780231476,0.010416666666666666,0.5506842136383057,,0.0,0.01248984597623348,0.008523298427462578,0.9331343166407832,0.1716568022966385,0.13243386149406433,109.3502426147461,266.09286499023443,1893.0594482421875,4682.59228515625,12.954791652737287,0.5,0.21360518038272855,,,45.24310684204102,3.786170244216919,10.582698822021484,96.0,31.27281188964844,41.090232849121094,3.8192100524902335,0.3357633054256439,2.734560966491699,2.9133858680725098,15.616873741149902,15.086465835571287,179.19000244140625,276.32479858398443,44.98579406738281,41.6352767944336,38.35906219482422,38.60985565185547,2.6347498893737797,7.420731544494629,0.07203005254268646,0.051608800888061516,8,0,0,2,0.03571428570790816,1,768,0,8,8,40.06766099642454,,176.55523681640625,277.4951171875,25.73374366760254,37.50556564331055,1.0325939957146455,0.527180552482605,1.321603298187256,0.015922963619232178,0.0185492504388094,40.20920944213867,38.843544006347656,1893.0594482421875,4613.544921875,0.6967469037396513,0.7175495624542236,0.04223791137337685,0.6639952063560486,0.04589342325925827,129.0,8.534883499145508,2.165231227874756,0.007751937955617905,0.01748584769666195,12903.4375,22893.9140625,0.5,0.01644435152411461,0.7734962701797485,0.03654038906097412,0.7564935088157654,0.03482411056756973,128.0,16.0,0.16666666666666666,9.142857551574707,7.5432820320129395,16.428571701049805,8.657504081726074,0.6796650886535645,0.058905083686113364,0.6693267226219177,0.02888912335038185,7.57198429107666,2.517841339111328,0.07804685831069946,0.09221602976322174,0.04394247382879257,0.0578623041510582,0.125,0.10527408868074416,0.6367737054824829,0.03476361557841301,,,,,,,,,,,,,,,,,
44,0.03719837591052056,0.05923328921198845,1.1300978660583496,0.9933147430419922,0.01238861117148446,0.7482889890670776,,0.0,0.04775451123714447,0.04069646447896957,0.9673602371807668,0.06085384264588356,0.1026795133948326,40.02507781982422,1410.6090087890625,7134.779296875,50011.953125,12.449856608232881,0.5,0.14984332025051114,,,321.02410888671875,0.6529518365859985,3.912052869796753,80.71929824561404,4.851807117462158,30.880653381347656,2.0197575092315674,0.949661135673523,240.8006896972656,296.7885437011719,2.3560073375701904,15.22905731201172,483.9420776367188,2458.9306640625,6.150769710540772,37.996917724609375,1.9994912147521973,12.697774887084961,0.052631579339504235,0.2252817898988724,0.07770050317049026,0.06953810155391693,57,0,0,2,0.01942355889718226,1,4601,0,57,57,13.544279304526874,,483.88946533203125,2458.74560546875,15.193997383117676,83.82843780517578,0.4179611540835441,11.179346084594727,6.954063415527344,0.00608379766345024,0.0046038636937737465,2.535707950592041,16.107536315917972,7134.779296875,48864.65625,0.4400636243069329,0.7726137638092041,0.05615488812327385,0.3829853236675263,0.035900335758924484,297.0,15.47474765777588,6.994220733642577,0.0033670032862573858,0.014389729127287863,1973750784.0,13430582272.0,0.5,0.01190414559096098,0.8830677270889282,0.018364492803812027,0.8216885328292847,0.08133428543806076,296.0,5.192982456140351,0.06433384046946318,8.70588207244873,5.859617710113525,5.9795918464660645,5.595719814300537,0.7878485918045044,0.04132213816046715,0.6645728945732117,0.06553585082292558,14.50252914428711,7.10374927520752,0.02706613764166832,0.062226388603448875,0.016899202018976208,0.048555061221122735,0.017543859779834747,0.04920349642634392,0.6228998303413391,0.03820343315601349,,,,,,,,,,,,,,,,,
46,0.004390880465507507,0.0060370732098817825,1.978014349937439,0.05832941085100174,0.01880877742946709,,,,0.02814590930938721,0.051667124032974236,1.4801700696136335,0.050050336867570884,0.15311934053897858,0.0034527613315731287,0.00623646005988121,0.14511965215206146,0.13161003589630127,26.31321553727735,0.3333333432674408,0.16062653064727786,,,1.1857648824879106,1.2568963647652254e-08,1.4173491269531267e-09,53.16666666666666,0.31030702590942383,0.4627454876899719,3.4019322395324707,0.14740343391895294,584.7008056640625,1196.6617431640625,0.0,0.0,1.0,0.0,0.19285596907138824,0.10312628746032716,0.0,0.0,0.0,0.0,0.05625196546316147,0.0922604352235794,60,0,60,3,0.029291289898750038,1,3190,0,0,157,34.16347321929697,0.0,1.0,0.0,0.3428941965103149,0.16632656753063202,,11.829219818115234,21.179101943969727,0.21114158630371094,0.023274283856153488,0.060088183730840676,0.05397098511457443,0.14511965215206146,0.07573457807302475,,0.5682901740074158,0.022868476808071136,0.3554147183895111,0.04649927094578743,286.0,12.220279693603516,4.594857215881348,0.003496503923088312,0.009932507760822771,4688053.5,19688282.0,0.3333333432674408,0.08342904597520827,0.947343647480011,0.014602475799620153,0.7482064962387085,0.061749760061502464,285.0,1.25,0.08934169278996865,11.875,8.007129669189451,2.1119403839111333,1.1930906772613523,0.5130984783172607,0.053064893931150436,0.518811047077179,0.0010896845487877727,11.243432998657227,4.7758827209472665,0.04201092571020126,0.07097934186458588,0.021513449028134343,0.03975377231836319,0.004385964944958687,0.013326224870979786,0.518811047077179,0.0010896845487877727,,,,,,,,,,,,,,,,,
50,0.01467643491923809,0.015554753132164478,1.538036584854126,0.0312168188393116,0.009394572025052192,0.9660209417343141,,,0.015851298347115517,0.0234520360827446,0.9309539862507962,0.12592333555221558,0.14112888276576996,0.029371077194809917,0.03297936171293259,0.23176030814647675,0.19299200177192688,49.450452965795,0.5,0.21700352430343628,,,0.6211205309456387,1.6154942272805783e-08,1.443067554340871e-09,106.44444444444444,0.9473684430122375,0.2294157147407532,2.450164318084717,0.05530289188027382,-1.6537164449691772,0.41590768098831177,0.0,0.0,1.0,0.0,0.3761674165725708,0.05763668566942215,0.0,0.0,0.0,0.0,0.018825996667146683,0.02584370970726013,9,0,9,2,0.05263157894582948,1,958,0,0,1,80.69748964324364,0.0,1.0,0.0,0.4810476899147034,0.019314726814627647,0.06982588583641984,0.5245405435562134,0.2773293256759644,0.3326367139816284,0.0,0.2940423786640167,0.09586101770401,0.2317602783441544,0.0176377072930336,0.06680357436301708,0.6995124220848083,0.07973893731832504,0.6534495353698729,0.002697516698390245,66.0,7.0,1.4884169101715088,0.01515151560306549,0.032000552862882614,1593.092041015625,1027.5908203125,0.5,0.02142745815217495,0.9673684239387512,0.1031901016831398,0.6181491613388062,0.11504471302032472,65.0,3.421052631578948,0.06784968684759916,7.222222328186035,5.142416000366211,3.8235294818878174,2.186186552047729,0.974889636039734,0.030120573937892917,0.6628245115280151,0.0307331383228302,6.061068534851074,1.9325380325317385,0.12562492489814758,0.07020238786935806,0.0755208358168602,0.07889741659164429,0.052631579339504235,0.037475910037755966,0.6287072896957397,0.07966858148574829,,,,,,,,,,,,,,,,,
54,0.11314140260219575,0.1388261616230011,3.09292984008789,0.15781183540821075,0.02127659574468085,0.6738148331642151,0.2715621292591095,0.0,0.04526100307703018,0.026507958769798282,1.999066765534363,0.4070565402507782,0.3424769341945648,278.4461669921875,851.9534301757812,2025.5892333984373,8224.541015625,7.738219798536031,0.25,0.010327295400202273,,,159.43084716796875,111.36286163330078,96.84181213378906,47.0,34.569442749023445,61.11337280273438,4.833659648895264,0.2251911759376526,5.0964765548706055,15.12629222869873,21.16823387145996,31.89893341064453,198.88888549804688,227.4083709716797,117.63495635986328,106.38822174072266,111.55555725097656,92.85628509521484,78.38888549804688,63.11906433105469,0.25833678245544434,0.12855592370033264,18,0,0,4,0.3921568627322825,3,846,0,18,8,10.972471691269789,,120.5,188.8819274902344,22.770835876464844,39.94658660888672,,1.0378870964050293,1.6937191486358645,0.024529775604605675,0.018416542559862137,114.90321350097656,100.66290283203124,2025.5889892578125,7298.4970703125,0.08339935971496974,0.3973364233970642,0.02726959064602852,0.33459681272506714,0.06803550571203232,133.0,9.13533878326416,3.159358501434326,0.007518797181546687,0.016906203702092167,81711.359375,280497.84375,0.2499999850988388,0.169506773352623,0.7815068960189819,0.03896870836615562,0.4610860347747803,0.05051935836672783,132.0,7.333333333333332,0.15602836879432624,7.333333492279053,6.516946315765381,7.2352943420410165,3.23128080368042,0.6525337100028992,0.03090374357998371,0.3570362627506256,0.03217511624097824,8.173584938049316,3.405663251876831,0.062053237110376365,0.08530592918395996,0.04316659644246101,0.05563678964972496,0.0555555559694767,0.052501119673252106,0.3690410554409027,0.02575429528951645,,,,,,,,,,,,,,,,,
151,0.06971613317728043,0.1076704114675522,4.2692012786865225,0.9377988576889038,0.00017655367231638418,0.4646620750427246,,0.14285714285714285,0.003135789185762405,0.0028752016369253397,0.9835093906057096,0.11833667010068892,0.12334533035755155,0.00722542917355895,0.008372202515602112,0.08045609295368195,0.0673091784119606,12.706076380984975,0.5,0.10670897364616394,,,0.16874585421275407,9.972968109650536e-05,0.0001912957231979817,5664.0,0.13596965372562408,0.2496328204870224,5.17530632019043,0.8995272517204285,515.5888061523439,1880.2469482421875,0.09705989807844162,0.18557456135749814,1.0,0.0,0.2435195744037628,0.1809033751487732,0.1635691076517105,0.2208235263824463,0.0,0.0,0.07740464806556703,0.08027584105730058,8,0,1,2,0.021978021976814397,1,45312,3,7,12,54.15432524615391,7.0,1.0,0.0,0.2551744878292084,0.12853877246379852,,7.329227924346924,20.663551330566406,0.02077137492597103,0.049836724996566766,0.17175567150115967,0.2323025315999985,0.08045610040426254,0.053189288824796684,0.7840891676061718,0.754543662071228,0.09601328521966934,0.6463195085525513,0.03824441134929657,3794.0,16.187664031982422,4.3697543144226065,0.00026357406750321394,0.0010513707529753447,1041867200.0,8412954624.0,0.5,0.008200512267649174,0.7121279835700989,0.055620890110731125,0.7286567687988281,0.07642809301614761,3793.0,270.92857142857144,0.08370850988700565,122.3548355102539,118.90516662597656,230.46153259277344,204.5142974853516,0.661034345626831,0.052025992423295975,0.6089611053466797,0.0694294348359108,15.189929962158205,4.588688850402832,0.033800724893808365,0.05413402244448662,0.002416987437754869,0.0070832339115440845,0.0714285746216774,0.1172160804271698,0.575454592704773,4.728719795821234e-05,,,,,,,,,,,,,,,,,
182,0.09977279603481293,0.045723099261522286,4.089370250701903,0.06784721463918686,0.005598755832037325,0.6069285869598389,0.3886989653110504,0.0,0.0902939885854721,0.02375725656747818,2.4833618760456604,0.4957906007766724,0.3230389654636383,0.4958111345767975,0.3230559229850769,1.0000441074371338,3.549790382385254,2.8061978475971983,0.1666666716337204,0.06781240552663803,,,4.3888535499572745,,,178.61111111111111,1.4318091869354248,0.16515623033046722,5.687775135040282,0.19299164414405826,-0.15581488609313965,0.8449292182922363,1.030009627342224,0.13037891685962674,2.8229496479034424,0.6514745354652405,-0.0005560882273130119,0.00021451356587931516,-0.0077115800231695175,0.0889284610748291,-2.595993757247925,0.2900237441062927,0.8849561214447021,0.1485639214515686,36,0,0,6,0.4857142857104309,5,6430,0,36,9,3.620986148457404,,5.418943405151367,0.8313266038894653,1.0000219345092771,0.00017124187434092164,0.09629555687542056,0.04044139012694359,0.5655168294906616,0.013552849180996418,0.0037971448618918657,0.01826032623648644,0.07482081651687622,1.0000439882278442,0.00034248584415763617,0.00554554300924464,0.4248792231082916,0.005187807604670525,0.5156033635139465,0.02760070376098156,506.0,11.982213020324707,3.667043447494507,0.0019762846641242504,0.009319547563791277,4353741.5,27247046.0,0.1666666716337204,0.08666558563709259,0.8385920524597168,0.011547762900590895,0.7962579131126404,0.015558547340333462,505.0,14.027777777777779,0.07853810264385692,21.04166603088379,18.77667236328125,14.057143211364744,3.645648956298828,0.906053066253662,0.011192253790795805,0.413546621799469,0.010493570938706398,10.995054244995117,3.9092395305633545,0.04414902999997139,0.07148144394159317,0.014133427292108538,0.02519182488322258,0.02777778171002865,0.06424031406641006,0.4155672192573547,0.012618607841432095,,,,,,,,,,,,,,,,,
300,0.012112364172935486,0.03208673372864723,3.902518749237061,0.8837652802467346,0.07913299987174555,0.7768097519874573,0.15438902378082275,0.0,0.07278139144182205,0.10485925525426863,4.70043827987653,0.17329806089401245,0.1611758917570114,0.03363671526312828,0.04085698351264,0.1862293928861618,1.3186805248260498,10.346843641230487,0.038461539894342416,5.5336018704110757e-05,,,8.906083106994629,,,12.636952998379257,0.5643802285194397,0.2796199321746826,8.148670196533201,0.926763355731964,3.6008877754211426,15.364274978637695,0.3849170804023743,0.1925281435251236,0.9828540682792664,0.0956016480922699,0.06479603052139282,0.455815315246582,0.0552901104092598,0.5333852171897888,-0.9348065257072448,0.11476269364356995,0.4542871415615082,0.2395394891500473,617,4,0,26,0.05248479235513133,25,7797,0,617,383,7.5904231055164715,,1.9176604747772217,0.1421726942062378,0.4140807390213013,0.12161622941493988,,0.441897451877594,1.8104987144470213,0.0047794519923627385,0.040641482919454575,0.05622483417391777,0.514518678188324,0.1862293928861618,0.1042998433113098,1.3565507277585144e-14,0.07643924653530121,0.0008555069798603653,0.09631796181201936,0.01797872968018055,659.0,12.098634719848633,3.12227725982666,0.0015174506697803734,0.005499426741153003,2371662.5,14996499.0,0.038461536169052124,0.014997095800936222,0.9401038289070128,0.014902401715517044,0.845312774181366,0.028664914891123768,658.0,1.06645056726094,0.08439143260228292,28.60869598388672,28.14045715332031,1.6343283653259275,0.9033689498901368,0.9057210683822632,0.036373164504766464,0.06745944917201996,0.011152901686728,11.108579635620117,3.408762216567993,0.045238088816404336,0.06251442432403563,0.011045642197132109,0.0227584894746542,0.0016207455191761255,0.0055025555193424225,0.06604968011379242,0.004828457720577717,,,,,,,,,,,,,,,,,
307,0.13314373791217804,0.22913870215415955,2.521911382675171,1.3592584133148191,0.01212121212121212,,,0.2,0.14265942573547366,0.18840700387954712,3.4594316186372978,,,,,,,11.446710937128588,0.09090910106897354,7.814234592729008e-09,,,1.0037917997409955,,,82.5,,,5.679122447967528,1.238586187362671,,,,,,,,,,,,,0.3022205829620361,0.3373419046401977,12,1,2,11,0.00615384615375148,1,990,2,10,18,7.344605041776002,5.0,,,,,,,,0.047292251139879234,0.14364604651927948,-0.028391672298312187,0.781046450138092,,,,,,,,,,,,,,,,,,,,,,,,,,,,,,0.09090910106897354,7.853601324825377e-09,,,,,,,,,,,,,,,,,,,,,,,,,,,
458,0.017682936042547226,0.013273065909743307,2.8937108516693115,0.3828512728214264,0.08323424494649227,0.9360620379447936,0.02775436453521252,0.0,0.0557522177696228,0.03471803292632103,1.7874160492261657,0.14842389523983002,0.11554627120494845,5.4606666564941415,13.537410736083984,50.91796493530274,174.72116088867188,6.825491905051892,0.25,0.14439256489276886,,,61.45022583007813,4.0160608291625985,12.316659927368164,12.014285714285714,7.157142639160156,6.868613243103027,4.419252872467041,0.3756228685379028,2.3253140449523926,3.630129337310791,4.998480319976807,4.579578399658203,34.400001525878906,30.42758178710937,10.125240325927734,13.369743347167967,9.199999809265137,12.729743957519533,0.8285714387893677,3.426120519638061,0.2618735730648041,0.16470414400100708,70,0,0,4,0.007867494824000275,3,841,1,70,68,10.050028462478624,,33.57143020629883,28.017370223999023,5.356526374816895,4.748443126678467,,1.1107288599014282,0.6802731156349182,0.048823434859514236,0.028408730402588844,9.431146621704102,12.958361625671387,50.91796493530274,124.96869659423828,0.00157067321581353,0.6302632689476013,0.06536198407411575,0.5290409326553345,0.05601782351732254,32.0,5.5,1.2700012922286987,0.03125,0.07766082882881165,333.29522705078125,238.3044891357422,0.25,0.06750771403312683,0.9964281916618348,0.00575147895142436,0.9834684133529664,0.01663702353835106,31.0,0.4428571428571429,0.036860879904875146,3.875,2.5319387912750244,1.4761904478073118,0.7496030330657959,0.9881218671798706,0.014900777488946916,0.5079638361930847,0.047937247902154916,4.603174686431885,1.7183984518051147,0.13687655329704285,0.11581501364707948,0.142333984375,0.08446396142244339,0.014285714365541937,0.05380698665976525,0.4554758667945862,0.06198205426335335,,,,,,,,,,,,,,,,,
469,0.022473379969596863,0.04023811966180802,2.0169754028320312,0.9646252989768982,0.005018820577164366,0.2008926123380661,0.07147400826215744,,0.017159059643745422,0.01308585237711668,2.5802592077826514,0.08116375654935838,0.07945683598518373,0.009329578839242458,0.015613391995429991,0.1230224072933197,0.1017630398273468,61.624233104839924,0.1666666716337204,0.01496031042188406,,,0.3255944112519638,1.2539876692585494e-08,2.968696399818782e-09,199.25,0.1666666716337204,0.38348251581192017,4.555363655090332,0.942274570465088,5.027174472808838,7.599684715270996,0.0,0.0,1.0,0.0,0.1711975485086441,0.14191468060016632,0.0555555559694767,0.2357022613286972,0.0,0.0,0.041870854794979095,0.025768129155039787,4,1,4,6,0.006535947712204708,5,797,0,0,15,47.171344430895424,0.0,1.0,0.0,0.33893612027168274,0.09286442399024963,0.042765796040932544,2.286836862564087,1.3771734237670898,0.2709106206893921,0.1812511384487152,0.07341684401035309,0.16835281252861026,0.1230223998427391,0.06655564159154892,0.7953362385308604,0.18866793811321256,0.025649461895227432,0.1606736183166504,0.0167012270539999,236.0,10.754237174987793,3.2379043102264404,0.004237288143485785,0.00455080159008503,185354.15625,349000.5,0.1666666716337204,0.12459836900234222,0.200454980134964,0.04830163344740868,0.1945662647485733,0.03166666626930237,235.0,13.055555555555555,0.2948557089084065,13.823529243469238,8.270695686340332,13.470588684082033,9.849604606628418,0.202440544962883,0.03273696452379227,0.1893513649702072,0.02058127149939537,9.779192924499512,3.4919469356536865,0.06190889328718185,0.08453220129013063,0.025186248123645786,0.04455675929784775,0.0555555559694767,0.03468378633260727,0.19320222735404968,0.014427928254008291,,,,,,,,,,,,,,,,,
1049,0.1368943601846695,0.15383414924144745,2.778513193130493,0.8265616297721863,0.025377229080932786,,,0.0,0.01675344444811344,0.024325225502252582,0.5353247216329435,0.3509770929813385,0.24394434690475464,469154.4375,8762158.0,106280600.0,646390464.0,10.728251425623954,0.5,0.5344524383544922,,,25643.681640625,0.82318514585495,2.2042691707611084,39.405405405405396,360.89306640625,1933.796142578125,3.2639391422271733,0.8294082283973694,104.57527923583984,150.62109375,116.1476821899414,590.4111938476562,41034.6484375,230294.90625,583.4639282226562,3203.122802734375,83.70851135253906,409.2779235839844,0.21675677597522736,0.4790560901165009,0.049898598343133926,0.036710724234580994,37,1,0,2,0.2432432432414171,0,1458,0,37,34,54.68319176065706,,41034.4296875,230294.953125,1837.8292236328125,10284.0361328125,,6.437016487121582,5.1672019958496085,0.03634396195411682,0.08652236312627792,142.83245849609375,733.31591796875,106280592.0,644186496.0,,0.8779215812683105,0.002549341879785061,0.8422862887382507,0.03875768929719925,98.0,10.081632614135742,4.302177429199219,0.010204081423580648,0.05323762074112892,228379.515625,791722.125,0.5,0.072153739631176,0.9067075848579408,0.015357271768152712,0.8737883567810059,0.02897680923342705,97.0,2.621621621621621,0.06652949245541838,4.849999904632568,2.7961440086364746,2.8709676265716557,1.6681712865829468,0.8196032643318176,0.026337446644902233,0.8779215812683105,0.002549341879785061,9.138461112976074,4.459012508392334,0.04760383069515228,0.08227332681417465,0.051123462617397315,0.07378057390451431,0.027027027681469917,0.05134428292512894,0.8779215812683105,0.002549341879785061,,,,,,,,,,,,,,,,,
1050,0.15073718130588531,0.16318614780902865,2.8959429264068604,0.688022255897522,0.023672424824056303,,,0.0,0.008791789412498474,0.007063180208206177,0.4764549714253225,0.4058310091495514,0.3006640374660492,12768346.0,278742720.0,3478069248.0,21155907584.0,11.83485854025617,0.5,0.5623376369476318,,,1313.797607421875,2.000277042388916,4.58900785446167,42.24324324324324,356.12054443359375,1884.8011474609373,3.332139253616333,0.6765751838684082,237.87789916992188,271.67193603515625,142.54635620117188,729.53955078125,367116.375,2095785.875,1008.1458129882812,5596.58447265625,105.6581039428711,521.8270263671875,0.2989189326763153,0.5189453959465027,0.04025860875844955,0.021203285083174702,37,0,0,2,0.340840840838282,0,1563,0,37,34,70.93350120255269,,367116.09375,2095785.875,10334.5029296875,58863.515625,0.3631464341431013,10.30451774597168,8.381372451782228,0.016497399657964706,0.021613968536257744,154.9271697998047,789.0924682617188,3478069248.0,21087815680.0,,0.8976319432258606,0.00031555790337733924,0.8502572178840637,0.05611686035990715,135.0,10.088889122009276,3.4020771980285645,0.007407408207654953,0.027186771854758263,155385.609375,542740.8125,0.5,0.047140471637248986,0.8944064378738403,0.020677441731095314,0.28683650493621826,0.20956028997898105,134.0,3.6216216216216215,0.08573256557901472,7.052631378173827,5.306951999664307,4.096774101257323,2.761096715927124,0.8388004302978516,0.019909685477614403,0.8976319432258606,0.00031555790337733924,9.130111694335938,3.6223011016845694,0.051284566521644585,0.0783415213227272,0.0367281585931778,0.06794924288988112,0.027027027681469917,0.029936939477920525,0.8976319432258606,0.00031555790337733924,,,,,,,,,,,,,,,,,
1053,0.24560561776161194,0.2671971917152405,2.677920341491699,1.8401283025741575,0.0019292604501607719,,,0.0,0.16329777240753174,0.2883577048778534,0.7086892115305542,,,,,,,21.569307201160825,0.5,0.4334886074066162,,,,,,518.3333333333334,,,3.3537521362304688,1.819257378578186,,,,,,,,,,,,,0.032856374979019165,0.022324899211525917,21,0,0,2,0.33333333332539683,1,10885,5,21,16,80.50382790716036,,,,,,,,,0.0070509882643818855,0.008156096562743187,212.2474822998047,814.3021240234375,,,,,,,,,,,,,,,,,,,,,,,,,,,,,,,,,,,,,,,,,,,,,,,,,,,,,,,,,,
1063,0.3673091232776642,0.19055722653865811,2.474947929382324,0.6779438853263855,0.040229885057471264,0.5985821485519409,,0.0,0.057040818035602577,0.025605859234929085,0.7317786193052257,0.7753209471702576,0.21398332715034485,5460266.0,60240852.0,613850944.0,2812809984.0,4.143968720595336,0.5,0.4172200858592987,,,67085.9765625,1.6388311386108398,2.8212263584136963,24.857142857142854,425.1571350097656,1651.466064453125,3.030137300491333,0.645053505897522,128.34934997558594,88.4783935546875,59.56415557861328,197.1881866455078,111741.90625,467657.46875,977.8936157226562,4032.895263671875,42.05356979370117,133.11422729492188,0.38095238804817205,0.4976133704185486,0.17658883333206174,0.03985648602247238,21,0,0,2,0.8952380952167801,1,522,0,21,21,13.015311710143369,,111741.5234375,467657.53125,5875.72998046875,24663.59765625,1.5433759895191599,8.901704788208008,4.332083225250243,0.02027275785803795,0.027386320754885674,128.41726684570312,479.44708251953125,613850880.0,2799183616.0,0.6416994409156925,0.8472509384155273,0.09937841445207596,0.6030699014663696,0.11487692594528197,71.0,8.169013977050781,2.990393877029419,0.01408450584858656,0.024784138426184654,13563.2724609375,30822.46484375,0.5,0.18922577798366547,0.8302739858627319,0.08079843968153,0.8284612894058228,0.07614727318286896,70.0,3.333333333333333,0.13409961685823754,4.666666507720947,3.0860671997070312,3.3684210777282715,2.4542601108551025,0.6036967635154724,0.1009661629796028,0.8070391416549683,0.12121694535017015,7.234042644500732,3.217448472976685,0.06709541380405426,0.08565264940261841,0.06802324950695038,0.0829935222864151,0.0476190485060215,0.08443280309438705,0.7955021262168884,0.12194470316171645,,,,,,,,,,,,,,,,,
1067,0.31007814407348633,0.19129467010498047,2.6382555961608887,0.9806911945343018,0.009957325746799429,0.3058314919471741,0.2028877139091492,0.0,0.024676725268363956,0.011062057688832285,0.6211733422333799,0.7203468084335327,0.22116407752037048,145365.765625,1304494.875,14549821.0,66667328.0,6.886670273602003,0.5,0.4885038137435913,,,13059.333984375,0.4687841832637787,1.0602854490280151,100.42857142857143,136.02999877929688,491.2036437988281,3.169229745864868,0.9501425623893738,31.74210929870605,29.14562225341797,23.37919044494629,69.20610046386719,16869.353515625,70679.4375,285.0968933105469,1138.6964111328125,17.239999771118164,46.75545883178711,0.2380952388048172,0.4364357590675354,0.09019938111305237,0.03206787258386612,21,0,0,2,0.7904761904573696,2,2109,0,21,21,28.2491573678576,,16869.115234375,70679.4921875,915.4548950195312,3794.383544921875,1.1336996661283194,4.1972007751464835,2.014743566513061,0.01869746670126915,0.020748047158122063,42.75608444213867,144.02992248535156,14549819.0,66396708.0,0.7770926515766206,0.8454300761222839,0.0019079010235145688,0.7851834893226624,0.05424027889966965,263.0,12.0646390914917,4.238095283508302,0.0038022813387215133,0.01326838042587042,1419935.125,4197448.0,0.5,0.0295748021453619,0.8525909185409546,0.02985483407974243,0.8227373957633972,0.0597686804831028,262.0,12.476190476190474,0.12422949265054528,12.476190567016602,7.208460807800293,11.699999809265135,6.3751163482666025,0.7790783047676086,0.04889008775353432,0.8454300761222839,0.0019079010235145688,11.089524269104004,4.431581497192383,0.047224432229995734,0.06681064516305922,0.02198387868702412,0.04463045671582222,0.0476190447807312,0.042296253144741065,0.8454300761222839,0.0019079010235145688,,,,,,,,,,,,,,,,,
1068,0.20975403487682345,0.17762966454029086,2.9376187324523926,0.6653432846069336,0.018935978358881875,,,0.0,0.006607246585190296,0.004253461956977843,0.36380010531923423,0.6327334642410278,0.22734864056110385,9113909.0,112468720.0,1391021696.0,6374270464.0,11.411770009013939,0.5,0.6089152097702026,,,79096.9375,2.31072211265564,5.107113838195801,52.80952380952381,638.0408935546875,2569.298828125,3.269539356231689,0.6576855778694153,115.3036880493164,106.8340301513672,251.7447662353516,979.92431640625,216793.90625,932348.6875,1500.9949951171875,6271.05908203125,183.56190490722656,691.9779663085938,0.3333333432674408,0.4830458760261536,0.03187937289476395,0.013922864571213722,21,0,0,2,0.6904761904597506,0,1109,0,21,21,91.14793443381954,,216793.578125,932348.8125,8678.6103515625,37168.38671875,,7.986854076385497,4.0733418464660645,0.012637119740247726,0.012390653602778913,266.34375,1033.984619140625,1391021696.0,6353362944.0,,0.9296781420707704,0.005530403461307286,0.8873680830001831,0.05924563109874725,76.0,8.986842155456543,3.2103724479675293,0.013157893903553486,0.05517742410302162,22947.421875,54799.19921875,0.5,0.018608085811138157,0.9287614822387696,0.01822985522449017,0.891791045665741,0.03868870809674263,75.0,3.571428571428572,0.06762849413886382,4.6875,2.725649833679199,3.5999999046325684,3.033149719238281,0.8901114463806152,0.04393533617258072,0.9305872917175292,0.003994268830865622,8.052980422973633,3.4132838249206543,0.05861129984259605,0.07849208265542984,0.05688275769352912,0.08793474733829497,0.0476190485060215,0.052043359726667404,0.9305872917175292,0.003994268830865622,,,,,,,,,,,,,,,,,
1461,0.09247665107250214,0.2082083523273468,1.938408613204956,1.7366783618927002,0.0003538961757094512,,,1.2857142857142858,0.0896245464682579,0.22537684440612796,0.5206312212538164,,,,,,,29.07614767635076,0.5,0.5416653156280518,,,,,,2825.6875,,,2.441133975982666,1.7229894399642944,,,,,,,,,,,,,0.017905782908201218,0.02597329206764698,16,3,9,2,0.004429678848258972,1,45211,19,7,33,107.25600015293296,0.7777777777777778,,,,,,,,0.182769387960434,0.19643406569957733,,,,,,,,,,,,,,,,,,,,,,,,,,,,,,,,0.876510739326477,0.020508844405412674,,,,,,,,,,,,,,,,,,,,,,,,,,,
1462,0.07073386013507843,0.03808913752436638,3.4594097137451167,1.6103405869216658e-05,0.002915451895043732,0.9299744367599488,,0.0,0.02428680658340454,0.024028288200497627,0.991128125746746,0.42562487721443176,0.20115752518177032,6.667856216430664,6.690611839294434,16.379405975341793,22.54187202453613,4.650434194356954,0.5,0.07833834737539291,,,6.82519006729126,,,343.0,5.169946193695068,2.4030086994171143,4.237412452697754,0.22353079915046686,0.1353219747543335,0.9143370985984802,3.7745401859283447,1.9883102178573608,10.038325309753418,6.7980804443359375,0.6405148506164551,1.3682029247283936,0.7114526033401489,1.2009307146072388,-8.662375450134277,3.658645868301392,0.21312592923641205,0.22354404628276825,4,0,0,2,0.3333333330555555,1,1372,0,4,2,15.23176367494078,,18.700698852539066,7.471095561981201,3.7807130813598633,1.6675790548324585,1.1096941880241311,-0.11903074383735655,0.8832536935806274,7.019218173809351e-05,4.892169454251416e-05,0.6875092387199402,1.2762181758880615,16.379405975341793,13.456615447998047,0.13514754926043862,0.8527557253837585,0.036102958023548126,0.7943986058235168,0.0532703697681427,27.0,5.407407283782959,1.3375999927520752,0.03703703731298447,0.07350684702396393,262.78094482421875,147.7769012451172,0.5,0.07856743782758713,0.9766741991043092,0.009606624953448772,0.8410769701004028,0.04021181166172028,26.0,6.5,0.018950437317784258,3.7142856121063232,1.8898223638534544,6.333333492279053,2.886751413345337,0.9992700815200806,0.0023082238622009754,0.7505659461021423,0.12358291447162628,4.52830171585083,1.7387415170669556,0.16115371882915494,0.11589577794075012,0.15219907462596893,0.10841289162635803,0.2499999850988388,0.2486168146133423,0.5553898811340332,0.0013603945262730124,,,,,,,,,,,,,,,,,
1464,0.22206221520900726,0.366012454032898,2.8825407028198238,0.2685777246952057,0.0053475935828877,,,0.0,0.010159333236515522,0.008808443322777748,0.7916446298452328,0.4659982621669769,0.3452425003051758,5568.26708984375,8964.7294921875,532947.0,1065615.375,20.080063616171106,0.5,0.3705693483352661,,,749.0272827148438,159.36293029785156,308.34588623046875,187.0,325.0625,616.7509155273438,3.634760856628418,0.2964215576648712,10.113143920898438,7.549084663391112,193.108642578125,365.5390625,3180.5,6213.03125,356.9949951171875,681.2398681640625,259.75,493.615478515625,63.25,124.50267791748048,0.03942440822720528,0.02791532501578331,4,0,0,2,0.4999999995833333,2,748,0,4,3,72.1156377241212,,3117.25,6088.5302734375,374.5345153808594,723.5751953125,,2.254042863845825,1.1834560632705688,0.02511784061789513,0.009126015938818456,267.44943237304693,506.6476745605469,532947.0,1065431.375,0.8350400657368957,0.7620540857315063,0.0043303375132381925,0.6390089988708496,0.0535743422806263,197.0,10.116751670837402,3.2547569274902344,0.005076142027974129,0.00800197198987007,186304.859375,634230.0,0.5,0.1184493526816368,0.770054042339325,0.015072282403707503,0.747351348400116,0.036696530878543854,196.0,49.0,0.2620320855614973,10.315789222717283,8.117557525634767,50.33333206176758,40.45161437988281,0.5699640512466431,0.16806647181510925,0.7607207298278809,0.0065280674025416366,9.145038604736328,3.5046372413635254,0.05502738058567047,0.07766111940145493,0.03037705458700657,0.04712580516934395,0.25,0.13467755913734436,0.7620540857315063,0.0043303375132381925,,,,,,,,,,,,,,,,,
1468,0.002639753744006157,0.036373022943735116,0.0501604750752449,0.09735527634620668,0.7925925925925926,,,0.0,0.03498996794223785,0.08255691826343536,3.1699250014423126,0.009671200998127459,0.051183488219976425,9.316976502304897e-05,0.0007607643492519855,0.00825103186070919,0.03287467360496521,195.1404725957117,0.1111111119389534,0.0,,,1.5528875589370728,1.0088207602620969e-08,3.6697483940528736e-10,1.2616822429906542,0.0035046727862209077,0.059130996465682976,3.203840970993042,0.07164838910102844,632.3341674804688,420.2243347167969,0.0,0.0,1.1471962928771973,0.4263996779918671,0.008213265798985958,0.02745003253221512,0.0,0.0,0.0,0.0,0.016244323924183846,0.03918997198343277,856,759,0,9,0.002680767338907981,1,1080,0,856,854,2.087877173406728,,1.1471962928771973,0.4263996779918671,0.06570781767368318,0.06275440752506256,,23.098085403442386,9.921342849731444,0.4793075919151306,0.057521231472492225,0.000912224582862109,0.01563694328069687,0.00825103186070919,0.02403943240642548,,0.20555555820465088,0.014344384893774988,0.12037037312984468,0.029280347749590874,146.0,26.72602653503418,13.303627014160154,0.006849314551800489,0.015806332230567932,1992999445725184.0,1.2010944762740736e+16,0.1111111119389534,0.06143207103013992,0.8722222447395325,0.04737427085638046,0.8916667103767395,0.01854422502219677,145.0,0.169392523364486,0.13425925925925927,2.6363637447357178,1.2818337678909302,1.2831858396530151,0.574285626411438,0.8648148775100708,0.02552601508796215,0.1120370477437973,0.0029280355665832762,25.82130622863769,13.279061317443848,0.015043414197862147,0.05856400728225707,0.020307356491684917,0.08009501546621323,0.0011682242620736358,0.0071453871205449096,0.11388889700174333,0.00447264825925231,,,,,,,,,,,,,,,,,
1475,0.11866245418787005,0.08101110905408859,3.3438777923583984,0.9618569612503052,0.008336057535142204,0.6562044024467468,,0.0,0.016186673194169998,0.008492255583405495,2.300007058067345,0.23782530426979065,0.21736638247966766,0.23252542316913605,0.21345354616642,0.9902510046958924,2.2624144554138184,21.678450153070997,0.1666666716337204,0.12737274169921875,,,1.4430390596389768,,,119.9607843137255,0.6756467819213867,0.4891372919082642,5.537788391113281,0.9326847195625304,227.9278717041016,589.3784790039062,0.32095763087272644,0.2959806025028229,14.915953636169435,15.45655918121338,-0.0005510305636562407,0.019781703129410744,-0.16255652904510498,0.285684734582901,-1.176286697387695,1.0212708711624146,0.10609647631645204,0.03730503469705582,51,0,0,6,0.1270588235289135,1,6118,0,51,46,30.517333268837138,,16.092239379882812,15.025622367858887,0.9916437864303588,0.08385295420885086,,7.437326908111572,11.33425998687744,0.006730694323778153,0.010837519541382791,-0.14797188341617584,0.19278018176555636,0.9902510046958924,0.19795608520507807,0.5693958006372647,0.4029169678688049,0.04627476260066032,0.3454243838787079,0.06389927864074707,1758.0,16.084186553955078,4.7325472831726065,0.0005688281962648034,0.0014705716166645286,1351419264.0,13003859968.0,0.1666666716337204,0.038635119795799255,0.4510255455970764,0.06961877644062042,0.16852697730064392,0.031385567039251334,1757.0,34.450980392156865,0.28718535469107553,54.90625,52.55617904663086,34.799999237060554,26.41814613342285,0.5365872979164124,0.05959166586399079,0.4024267792701721,0.047824617475271225,15.089046478271484,4.9309725761413565,0.03163505718111992,0.05137891694903374,0.004047131165862083,0.01588083803653717,0.01960784383118153,0.01331216562539339,0.4174594283103943,0.0009468508069403471,,,,,,,,,,,,,,,,,
1480,0.04605675861239433,0.0895237997174263,2.6772913932800293,0.6970608830451965,0.017152658662092625,0.21170267462730408,0.2060838341712952,0.1111111111111111,0.01217791810631752,0.008552867919206621,0.8640904272487623,0.17670762538909912,0.2250159382820129,1116.487060546875,5848.26513671875,16013.9833984375,35459.07421875,15.94010749941299,0.5,0.30200618505477905,,,153.77825653610472,30.304786682128906,63.81047439575195,58.3,22.990907669067386,38.82667922973633,3.4871726036071777,0.6868993043899536,24.16368293762207,44.82533645629883,13.471837997436525,22.98158073425293,840.3272094726562,1580.9407958984375,49.30035018920898,88.52267456054688,31.177003860473636,61.35315322875977,8.309090614318848,18.53080940246582,0.05420856922864914,0.035286128520965576,10,1,1,2,0.09090909090082644,2,583,0,9,9,48.38870648714183,9.0,832.0181884765625,1573.070068359375,67.52212524414061,112.25070190429688,,2.6786439418792725,3.5439136028289795,0.05916587263345719,0.15471847355365753,33.502613067626946,65.96949005126953,16013.9833984375,29567.72265625,0.8684495426635753,0.7135977745056152,0.004221898037940264,0.6154152154922485,0.07172948867082596,117.0,11.059828758239746,4.6168551445007315,0.008547008968889713,0.01987476833164692,447486.78125,1064754.375,0.5,0.006043668370693922,0.7118726968765259,0.022885004058480263,0.5564531087875366,0.09630030393600464,116.0,10.545454545454543,0.19897084048027444,5.800000190734862,2.87640118598938,10.666666984558104,4.0,0.6414044499397278,0.053544927388429635,0.7135977745056152,0.004221898037940264,10.111587524414062,4.76386308670044,0.04779808595776558,0.08017350733280182,0.04073332250118256,0.07333027571439743,0.09090909361839294,0.05263074487447738,0.7135977745056152,0.004221898037940264,,,,,,,,,,,,,,,,,
1485,0.0045342561788856975,0.005298915319144726,3.611638784408569,0.3282661139965057,0.19230769230769232,0.5039281249046326,,0.0,0.0004576354112941772,0.0005277175805531441,1.0,0.0160379596054554,0.02005116268992424,12.086846351623535,112.0299301147461,909.88623046875,2993.507568359375,257.5194567211406,0.5,0.0,,,85.89103698730469,485.2378234863281,23.70309829711914,5.2,33.470001220703125,24.752914428710934,4.607755184173584,0.3276631832122803,0.07849500328302382,0.19129177927970886,24.852821350097656,18.319541931152344,577.8040161132812,66.37291717529297,488.06103515625,9.925106048583984,487.9530029296875,9.790556907653807,400.1759948730469,54.138145446777344,0.003883202094584704,0.004694219678640366,500,0,0,2,0.0003927855711422688,1,2600,245,500,487,929.0672196734621,,177.6280059814453,118.30255126953124,24.75203895568848,17.257415771484375,,0.0329112634062767,0.05456891283392906,0.014255905523896216,0.024148941040039062,487.9603271484375,9.834539413452148,909.8861083984376,1616.39697265625,0.7460564578649869,0.6126922965049744,0.01969941146671772,0.5253846645355225,0.03622561320662498,192.0,9.416666984558104,3.0772485733032227,0.005208333488553762,0.014012891799211502,214290.625,1118283.875,0.5,0.0,0.5607692003250122,0.03458213433623314,0.5976923704147339,0.02460736408829689,191.0,0.382,0.07346153846153848,9.550000190734863,9.51162815093994,1.3840579986572266,1.0132153034210205,0.6515384912490845,0.027268841862678528,0.4988461434841156,0.00925389304757118,8.443863868713379,3.345131158828736,0.05094222351908684,0.08131396770477295,0.033834684640169144,0.03891858831048012,0.002000000094994902,0.009233335964381695,0.494615375995636,0.007734925951808691,,,,,,,,,,,,,,,,,
1486,0.08584240078926086,0.19611051678657526,1.4362031221389768,1.1529686450958252,0.003423763238067605,,,0.3258426966292135,0.0391911007463932,0.051620956510305405,0.8629999927875766,0.16924558579921722,0.19994328916072845,0.011286049149930477,0.01985726878046989,0.0742935836315155,0.2858356237411499,10.584337022123645,0.5,0.3031747341156006,,,2.4242855952751707,0.08321277052164078,0.2393640726804733,292.0762711864407,0.2302983403205872,0.369603842496872,2.217667579650879,1.1017050743103027,248.9452362060547,979.6828002929688,0.04505382478237152,0.13112008571624756,1.0,0.0,0.6033861637115479,0.3228414058685303,0.5858730673789978,0.4119493365287781,0.006132993847131729,0.023426441475749016,0.08153557032346725,0.08614630997180939,118,2,29,2,0.06613131790266125,1,34465,2,89,111,16.614436042806986,3.0689655172413794,0.993867039680481,0.023426441475749016,0.2373480051755905,0.13447441160678866,,-2.673768281936645,15.55463409423828,0.13056494295597074,0.15290503203868866,0.6012610197067261,0.3712864518165589,0.0742935836315155,0.07443992048501967,,0.8472345471382141,0.058233305811882026,0.7133885622024536,0.09102456271648407,1172.0,14.573378562927244,4.423434257507324,0.0008532422943972051,0.009098267182707788,212824656.0,2125166336.0,0.5,0.006033321376889944,0.9309440851211548,0.04047175124287605,0.7903029918670654,0.08952736109495163,1171.0,8.020547945205479,0.033976497896416664,39.03333282470703,36.4327278137207,9.528925895690918,14.453415870666506,0.9242992401123048,0.02982797659933567,0.7403160333633423,0.06721367686986922,13.580025672912598,4.632928371429443,0.03462567180395126,0.05961296707391739,0.006445237435400486,0.016948185861110687,0.006849315017461778,0.038782209157943726,0.7167845964431763,0.010009621270000936,,,,,,,,,,,,,,,,,
1487,0.07878243178129196,0.1015663594007492,3.6148440837860103,0.2725524306297302,0.028413575374901343,0.4206855893135071,,0.0,0.003350133774802089,0.0019517479231581085,0.3397904253160801,0.3534291088581085,0.3038982450962067,25.218706130981445,103.10343170166016,216.95079040527344,1221.1029052734375,11.94917674979234,0.5,0.6178115010261536,,,63.3604507446289,,,35.194444444444436,10.022847175598145,16.58464241027832,3.9261982440948486,0.2707227468490601,1.4842019081115725,9.115230560302734,7.37222957611084,12.284977912902832,316.4888916015625,1447.7205810546875,296.49462890625,1419.646484375,296.9181823730469,1419.6959228515625,268.7152709960937,1377.395263671875,0.028436303138732914,0.014755606651306152,72,0,0,2,0.2875586854454469,1,2534,0,72,65,126.120734894535,,47.77360916137695,87.69951629638672,7.570160865783691,12.723677635192873,0.6292479606292976,0.0858534574508667,1.1264632940292358,0.007360282819718122,0.005698160734027624,297.04107666015625,1419.9129638671875,216.95079040527344,824.75341796875,0.8230236228656622,0.9199293255805968,0.05348225310444832,0.8907098770141602,0.02791852131485939,109.0,8.605504989624022,2.5568292140960693,0.00917431339621544,0.047428350895643234,17730.291015625,39021.34375,0.5,0.006487221922725439,0.9313419461250304,0.015641076490283012,0.689060389995575,0.12241194397211075,108.0,1.5,0.04262036306235202,7.199999809265138,5.771852970123291,1.962962985038757,1.1152961254119873,0.8887025117874146,0.030265791341662407,0.9368584752082824,0.00012856682587880639,7.6497697830200195,2.8491246700286865,0.06832145154476166,0.07721304148435593,0.04665157943964005,0.06435444205999374,0.013888888992369177,0.017806721851229668,0.9368584752082824,0.00012856682587880639,,,,,,,,,,,,,,,,,
1489,0.05784649774432182,0.026967456564307213,4.025712966918944,0.1380748152732849,0.0009252405625462619,0.4977938830852509,,0.0,0.010766985826194286,0.004208184778690338,0.8731822577241407,0.12608887255191806,0.1083201989531517,0.12608887255191806,0.1083202064037323,1.0,0.363719254732132,6.015310563873478,0.5,0.2920544743537903,,,1.301922082901001,,,1080.8,1.2768938541412354,0.40088215470314026,4.753735542297363,0.1605781763792038,0.3370893597602844,1.224018096923828,0.8669158816337585,0.3288854658603668,3.5515639781951904,0.7522140741348267,-1.1541506417245271e-08,3.280728932963939e-08,-0.19777600467205048,0.12470176070928575,-2.72422456741333,0.2882175445556641,0.14515995979309082,0.05517556145787239,5,0,0,2,0.0,1,5404,0,5,4,26.732944179972986,,6.275788307189941,0.7337317466735841,1.0,0.0,1.2344919672166104,0.7790325880050659,0.5507671236991882,9.700101145426744e-06,1.5396823073388074e-05,-0.15191374719142914,0.09556084871292114,1.0,0.0,0.7522012398881295,0.7537019848823547,0.018350854516029358,0.7211292386054993,0.02235513739287853,528.0,12.397727012634276,3.7625129222869873,0.0018939394503831863,0.009719477035105228,11617153.0,92708672.0,0.5,0.016070593148469925,0.7583244442939758,0.011363955214619637,0.7605367302894592,0.013405104167759418,527.0,105.4,0.09752035529237603,20.269229888916016,19.959074020385746,103.0,10.551461219787598,0.9045141339302064,0.006950292270630598,0.7146603465080261,0.017332348972558975,11.410426139831545,3.998491764068604,0.03829895332455635,0.05370330810546875,0.01238082442432642,0.02963353134691715,0.20000000298023224,0.08771253377199173,0.7394515872001648,0.009275156073272228,,,,,,,,,,,,,,,,,
1494,0.04609068855643272,0.0787133201956749,1.9212987422943115,1.230539321899414,0.03886255924170616,0.7041822075843811,,0.0,0.023724619299173355,0.01805764064192772,0.9223486063040568,0.16538573801517487,0.17898587882518768,0.4713939428329468,1.780599594116211,7.936983585357666,27.919172286987305,13.698356382493088,0.5,0.2298935055732727,,,5.792908668518066,,,25.731707317073173,1.46755850315094,2.8334665298461914,2.7763144969940186,1.2028738260269165,44.40592575073242,127.0751495361328,0.6465510129928589,1.6251374483108518,16.562965393066403,26.35365104675293,2.683521509170532,6.006690979003906,2.204885244369507,6.06382942199707,0.3683878183364868,1.4412859678268433,0.06733278930187225,0.05327430367469788,41,3,0,2,0.05975609756061125,1,1055,0,41,41,27.534368391163763,,16.194574356079098,26.46356773376465,1.5943961143493652,2.351543426513672,0.21361597985515413,3.787843942642212,4.77948522567749,0.10363270342350006,0.14244531095027926,2.3591632843017583,5.982839107513428,7.936984062194824,25.30881500244141,0.5041273833050165,0.7403547167778015,0.10024023056030272,0.6976040601730347,0.043080467730760574,123.0,9.09756088256836,2.9124226570129395,0.008130080997943878,0.022173400968313217,41727.54296875,131625.09375,0.5,0.005748830270022154,0.8482003211975098,0.057623423635959625,0.7174158096313477,0.03672957420349121,122.0,2.975609756097561,0.11563981042654027,7.176470756530763,5.51401948928833,3.965517282485962,3.267619609832764,0.7837335467338562,0.056923508644104,0.6881793737411499,0.06564866006374359,8.138775825500487,3.17345666885376,0.05867398530244827,0.07863382250070572,0.04407916963100433,0.062138549983501434,0.024390242993831638,0.0450066514313221,0.6625725626945496,0.002981214551255107,,,,,,,,,,,,,,,,,
1497,0.08520562201738358,0.04284602776169777,3.791739225387573,0.2819538116455078,0.00439882697947214,0.512884259223938,0.1218039020895958,0.0,0.037957753986120224,0.0165364220738411,1.7146327422659766,0.17213448882102966,0.121335007250309,0.2679174244403839,0.2115972191095352,1.6148358583450315,1.763651967048645,4.858735299081947,0.25,0.17086823284626007,1.7480217218399048,0.7342731952667236,4.829026699066162,1.5362247228622437,0.6730461716651917,227.33333333333331,1.4267605543136597,0.9685296416282654,5.153474807739258,0.28792038559913635,2.363585948944092,4.654139518737793,0.8468115925788879,0.5407901406288147,5.008958339691162,0.019043359905481342,2.0457923412323002,0.7628346085548401,1.6613750457763672,0.7920730710029602,0.621791660785675,0.27232620120048523,0.35289692878723145,0.13351479172706604,24,0,0,4,0.021739130434388784,3,5456,0,24,14,9.744607667536963,,4.387166976928712,0.2682814300060272,1.2512398958206177,0.22666087746620175,1.3734408040163988,1.5214208364486694,1.0854696035385132,0.00046096020378172403,0.0001593504857737571,1.747510552406311,0.8264562487602234,1.6148360967636108,0.5631045699119568,0.37368048366407663,0.6992354393005371,0.03068280592560768,0.6836560964584351,0.043203916400671005,33.0,6.484848499298097,1.9384467601776123,0.030303029343485832,0.08039597421884538,706.3555908203125,558.9500122070311,0.25,0.1773439347743988,0.628341555595398,0.04232745990157128,0.515588641166687,0.03239632397890091,32.0,1.3333333333333333,0.0058651026392961885,3.555555582046509,1.8104634284973145,2.6666667461395264,1.614329814910889,0.7810816764831543,0.07121313363313675,0.5152549743652344,0.0906006470322609,5.599999904632568,2.2135944366455083,0.10658999532461166,0.09645558148622513,0.11221590638160706,0.12659871578216553,0.0416666679084301,0.09094760566949844,0.4816747307777405,0.0496138259768486,,,,,,,,,,,,,,,,,
1501,0.020640186965465542,0.05712290480732918,0.8750075101852417,0.11746954917907715,0.16070307595731326,0.7885361313819885,0.13210393488407135,0.0,0.18832901120185846,0.1019163504242897,3.3218194896867805,0.09666217863559724,0.10628713667392732,0.020139846950769424,0.022734075784683228,0.20925743877887729,0.4872919917106629,22.39114207642568,0.10000000149011612,0.0012915914412587881,,,4.268806457519531,1.5359979954610026e-08,3.049982044700528e-09,6.22265625,0.77734375,0.41684433817863453,4.048472881317139,0.1283511221408844,-0.9666595458984376,1.7626816034317017,0.0,0.0,1.0,0.0,0.32862526178359985,0.10746975243091583,0.05859375,0.23532283306121826,0.0,0.0,0.148354172706604,0.07724717259407042,256,256,0,10,0.017279411764703236,9,1593,0,256,57,4.89809796014222,,1.0,0.0,0.4553505480289459,0.04382704198360443,0.36002525495310816,0.8078584074974059,0.61871337890625,0.4996858835220337,5.972140115773072e-08,0.22255012392997744,0.16583022475242615,0.20925742387771606,0.036192741245031364,3.074497746345644e-05,0.19149360060691836,0.007605415768921375,0.17116662859916687,0.027454165741801262,254.0,9.248031616210938,2.1314268112182617,0.003937007859349251,0.01032249256968498,40408.53515625,72866.6484375,0.10000000149011612,0.03536982834339142,0.8868163824081421,0.02701703459024429,0.7928706407546997,0.01954346708953381,253.0,0.98828125,0.15881983678593847,16.866666793823242,14.793177604675293,1.514970064163208,0.7904267907142639,0.91456139087677,0.02541658841073513,0.15504279732704165,0.02137364074587822,8.268244743347168,2.517731189727783,0.07922592014074326,0.08854611963033676,0.0276025477796793,0.030342919752001762,0.00390625,0.008504742756485939,0.17021544277668,0.021483961492776867,,,,,,,,,,,,,,,,,
1510,0.07698569446802139,0.11686908453702928,2.999955654144287,4.887428440270014e-05,0.05272407732864675,0.8799571990966797,,0.0,0.05158466473221779,0.03583981841802597,0.95263512240186,0.3948966264724731,0.2638053596019745,676.465087890625,9367.755859375,15063.21875,80983.171875,3.1052390899678133,0.5,0.180194154381752,,,1009.1627197265624,48.4054069519043,148.47946166992188,18.966666666666665,35.21501541137695,120.4875030517578,3.645807981491089,0.2256844788789749,7.69800329208374,12.717419624328613,20.79786491394043,70.00093841552734,264.1854858398437,883.8964233398438,61.89071273803711,195.8613739013672,50.79937362670898,157.19117736816406,15.604080200195312,42.52497100830078,0.30678316950798035,0.2256985157728195,30,0,0,2,0.3333333333295019,1,569,0,30,29,8.778749835834361,,248.58143615722656,843.0458984375,34.90471649169922,119.67576599121094,,1.731241226196289,1.271995186805725,0.0002087540487991646,0.00015182161587290466,53.29460144042969,165.81689453125,15063.216796875,62593.55078125,0.2256753356344479,0.8893948793411255,0.026949955150485042,0.8490060567855835,0.04008591547608376,22.0,4.954545497894287,1.2140947580337524,0.045454543083906174,0.1213475838303566,166.17144775390625,97.39510345458984,0.5,0.06428243964910507,0.9562267065048218,0.02758581936359405,0.9386796951293944,0.03174176812171936,21.0,0.7,0.03690685413005272,3.0,1.8257418870925903,1.615384578704834,1.1208971738815308,0.915806770324707,0.03112319484353065,0.7556694149971008,0.0905805602669716,4.0930233001708975,1.6302783489227295,0.1578153669834137,0.1349892020225525,0.18110795319080356,0.1059090569615364,0.03333333507180214,0.1284407675266266,0.8385640978813171,0.11321695148944855,,,,,,,,,,,,,,,,,
1590,0.035994336009025574,0.11972593516111375,2.247591257095337,1.5757545232772827,0.00028663854878997584,0.611960232257843,,1.3333333333333333,0.026865703985095024,0.033421576023101814,0.7938438393644257,0.019119802862405774,0.04267296940088272,670.7315063476562,41179.25390625,110969360.0,1109644800.0,11.974520682937115,0.5,0.3687112629413605,,,4201.674924566823,1250.90380859375,12563.79296875,3488.714285714286,1189.361328125,11949.5146484375,2.9751408100128174,1.5665555000305176,993.5606689453124,4881.646484375,885.2957153320312,8895.02734375,15792.6240234375,148530.171875,1890.35546875,18871.33203125,1764.697998046875,17725.955078125,121.82178497314452,1222.385986328125,0.06629440933465958,0.05323178693652153,14,1,8,2,0.0007920792079200077,1,48842,2,6,95,32.903175861248016,0.75,15670.8017578125,147310.53125,1123.7769775390623,10526.326171875,,18.13849258422852,25.94047546386719,0.09843206405639647,0.1324702948331833,1757.318359375,17651.642578125,110969360.0,1109644800.0,0.6255046472929813,0.7607182264328003,6.153497088234872e-05,0.682834804058075,0.008832513354718685,7215.0,23.279695510864254,7.716989040374756,0.0001386001385981217,0.0011887544533237815,1430172704178176.0,3.343172263686963e+16,0.5,0.028519487008452412,0.842471718788147,0.0031365000177174807,0.7949922680854797,0.0029612488579005003,7214.0,71.42574257425744,0.14770074935506328,136.11320495605472,132.65449523925778,65.36666870117189,289.70068359375,0.7418824434280396,0.0059581417590379715,0.7607182264328003,6.153497088234872e-05,22.2813777923584,7.842907905578612,0.01833418011665344,0.04177352041006088,0.0010134830372408032,0.00800684466958046,0.009900989942252636,0.031764719635248184,0.7607182264328003,6.153497088234872e-05,,,,,,,,,,,,,,,,,
4534,0.04528573527932167,0.12099485099315645,0.834996223449707,0.3582633435726166,0.0027137042062415195,,,,0.041168805211782455,0.08832810819149017,0.99062392274143,0.09590200334787367,0.152061328291893,0.014552254229784012,0.023326987400650975,0.15947256982326508,0.1843146085739136,19.05746494176393,0.5,0.08052895218133926,,,1.255772291619769,2.2705469504558096e-08,1.8975033100332442e-08,368.5,0.3846153914928436,0.4928640723228455,1.7736393213272097,0.3049238324165344,3.4966161251068115,12.84755802154541,0.0,0.0,1.0,0.0,0.3629034161567688,0.2713567018508911,0.3076923191547394,0.4675719141960144,0.0,0.0,0.0519808866083622,0.12376970797777175,30,22,30,2,0.04048582995924098,2,11055,1,0,24,15.063524507711856,0.0,1.0,0.0,0.3883540630340576,0.09424113482236862,0.06034516127654521,1.0469204187393188,2.125101089477539,0.4555063545703888,0.07496951520442963,0.3189800679683685,0.3763304054737091,0.15947255492210388,0.067229263484478,0.2478440735222983,0.8889214396476746,0.015262754634022713,0.8447080850601196,0.14194926619529724,568.0,12.823944091796875,3.426320552825928,0.00176056323107332,0.012889084406197071,3112626.0,12284692.0,0.5,0.05726568400859833,0.9289902448654176,0.007769922260195017,0.7735933661460876,0.019519772380590442,567.0,14.538461538461537,0.05128900949796472,25.772727966308594,21.75826644897461,14.631579399108887,9.37051486968994,0.9676983952522278,0.0212625153362751,0.6028951406478882,0.06141826882958412,11.8361234664917,3.684123754501343,0.045410413295030594,0.060414128005504615,0.010230404324829578,0.030782567337155342,0.025641025975346562,0.09765969961881638,0.5573946237564087,0.0009965520584955812,,,,,,,,,,,,,,,,,
4538,0.02707052230834961,0.029533715918660164,4.392316818237306,6.743495646333032e-07,0.0032411627671427123,0.26041415333747864,0.1749267727136612,0.0,0.0102538475766778,0.004408909473568201,2.1934237361335494,0.08952981233596803,0.16665898263454434,3.2877774174266965e-06,1.193786556541454e-05,4.4121217797510326e-05,8.711250120541082e-05,14.442297588538835,0.20000000298023224,0.09193286299705504,,,0.018779808655381203,,,308.53125,0.0028590774163603787,0.0035932688042521477,6.433865547180176,0.06778659671545029,47.78720092773438,52.05485916137695,0.0017711310647428036,0.0020242410246282816,0.062485165894031525,0.037235062569379807,0.0013097794726490974,0.00302533688955009,0.0006639944040216506,0.0016078850021585822,-0.04051604866981506,0.035430509597063065,0.15187498927116394,0.06778685748577118,32,0,0,5,0.044354838709230286,4,9873,0,32,32,27.92060612860863,,0.1030012220144272,0.056095853447914124,0.005340125411748886,0.004013432655483484,1.277225270660992e-05,0.9532139301300048,2.305335283279419,3.930126695195213e-06,4.960906608175718e-06,0.0008235431159846486,0.0019428362138569355,4.4121217797510326e-05,5.1879429520340636e-05,0.6706962561127522,0.4417126774787903,0.03741748258471489,0.3101373314857483,0.019856572151184082,2217.0,14.631032943725586,3.7332165241241455,0.00045105998287908733,0.0009790268959477544,98836096.0,821933696.0,0.20000000298023224,0.04563803970813751,0.4424227774143219,0.056809961795806885,0.37271714210510254,0.12455523759126665,2216.0,69.25,0.22445052162463286,79.14286041259766,80.93193817138672,69.41935729980469,11.433209419250488,0.3912573456764221,0.04977578297257424,0.34618979692459106,0.041445326060056686,13.63455867767334,3.985249757766724,0.0380641408264637,0.05575726553797722,0.00384555384516716,0.010674599558115005,0.03125,0.0170845128595829,0.3202530741691589,0.029354000464081764,,,,,,,,,,,,,,,,,
23517,0.004937554709613322,0.007658793125301599,5.491585731506348,6.291847967077047e-05,0.00021802325581395349,0.057855471968650825,,0.0,2.02274568437133e-05,9.425396456208546e-06,0.9999228673926668,0.2653251588344574,0.2090083211660385,0.02238236926496029,0.017631804570555687,0.08433963358402252,0.13047869503498075,1559.0388113594274,0.5,0.007311867084354162,,,0.05094320699572563,0.009699540212750437,0.01999896019697189,4586.666666666667,0.5056816935539246,0.01726771891117096,6.490866661071777,0.00032892916351556783,-1.200587272644043,0.04853743314743042,0.37332627177238464,0.01368034351617098,1.0,0.0,0.5009744763374329,0.008255545981228352,0.5015201568603516,0.016712218523025513,1.935919135576114e-05,4.7617071686545394e-05,0.0006413714145310223,0.00029856027686037123,21,0,0,2,0.13809523809195012,1,96320,0,21,0,8561.255090048506,,0.999980628490448,4.761693344335072e-05,0.29037946462631226,0.004511411767452954,0.08564363733617032,-0.002565798116847873,0.04192285984754562,0.0009946101345121858,2.2734304820914986e-06,0.5011675953865051,0.01139883790165186,0.08433963358402252,0.002627936424687505,0.9966527441909488,0.5152928233146667,0.002999577205628157,0.5003840923309326,0.0032728002406656738,18636.0,24.33698272705078,7.584776401519775,5.365958350012079e-05,6.992214184720069e-05,4336513588396032.0,1.0412421500685517e+17,0.5,0.002504260279238224,0.5219476222991943,0.0030927162151783705,0.5186876654624939,0.0034389933571219444,18635.0,887.3809523809523,0.19346968438538206,345.09259033203125,348.39849853515625,887.2000122070312,49.70925903320313,0.5029588341712952,0.004904473200440407,0.5086687803268433,0.007062883581966163,23.337661743164066,7.7143797874450675,0.018195418640971184,0.03850207105278969,0.0004888252587988973,0.003667376702651381,0.0476190485060215,0.002711721695959568,0.5071842074394226,0.004011595156043768,,,,,,,,,,,,,,,,,
40499,0.10338365286588667,0.10066650062799454,4.087278366088866,0.000133283348986879,0.007272727272727274,,,0.0,0.11612109839916228,0.03995255380868912,3.4594316186372978,0.7428268194198608,0.15539520978927612,0.04027753323316574,0.01637638919055462,0.05738963931798935,0.2763817310333252,3.0028426823595247,0.09090910106897354,7.814234592729008e-09,,,3.105161190032959,,,137.5,0.3125874996185303,0.09777244180440904,6.394657611846924,0.33891597390174866,1.1944293975830078,3.5579347610473637,0.22192665934562686,0.0734894722700119,0.4099000096321106,0.2138533890247345,-0.6055166125297546,0.2072039395570755,-0.5960749983787537,0.2363709360361099,-1.1670999526977541,0.13892237842082975,1.1520522832870483,0.3390257954597473,40,0,0,11,0.8923076923019724,1,5500,0,40,36,2.5478237700921267,,1.5769999027252195,0.32027119398117065,0.2332013100385666,0.05553283542394638,,0.2851579487323761,0.9440079331398009,0.0008607300114817918,0.000182656483957544,-0.6033732295036316,0.2284959256649017,0.05738964676856995,0.02796364761888981,,0.17999999225139618,0.0019165363628417253,0.3607273101806641,0.01848633959889412,278.0,12.51438808441162,3.789326906204224,0.0035971223842352633,0.012886893004178999,3701031.5,19983776.0,0.09090908616781236,0.06572190672159195,0.9949091076850892,0.0029442294035106893,0.77436363697052,0.0063245692290365705,277.0,6.925,0.05036363636363636,11.541666984558105,10.595237731933594,7.0,4.013136386871338,0.9905454516410828,0.004519111476838589,0.1749090999364853,0.013437610119581224,11.538739204406738,4.004040718078613,0.03909741714596749,0.061945151537656784,0.016587797552347183,0.05095098540186882,0.02500000037252903,0.03765052929520607,0.1778181940317154,0.0038138539530336853,,,,,,,,,,,,,,,,,
40668,0.017089050263166428,0.05004281550645828,0.6800134778022766,0.550816535949707,0.0006216972334473111,,,,0.003331650281324982,0.00489481957629323,1.2184443563726477,0.0442679263651371,0.0646076649427414,0.0034236288629472256,0.008039873093366623,0.07623611390590668,0.11062222719192503,205.84244203379336,0.3333333432674408,0.29135462641716003,,,0.3632691183513292,1.1304344127438526e-08,1.743344468785324e-09,1608.5,0.15294118225574493,0.3620668947696686,1.89253830909729,0.5453962683677673,226.32884216308597,708.4940795898438,0.0,0.0,1.0,0.0,0.0984681397676468,0.11263404041528703,0.0,0.0,0.0,0.0,0.005919305607676506,0.008410163223743439,42,0,42,3,0.0011204481792701395,3,67557,18,0,72,113.88059899111829,0.0,1.0,0.0,0.2340087443590164,0.14741674065589905,0.009106806746518077,8.675758361816406,12.44503116607666,0.3333234786987305,0.0,0.031095566228032112,0.07981418073177338,0.07623611390590668,0.0758165568113327,0.6210702849708455,0.6320490837097168,0.08303135633468628,0.5248860120773315,0.21450193226337436,15319.0,19.238136291503906,4.717376708984375,6.527841469505802e-05,0.00034721472184173763,74678468608.0,1250669625344.0,0.3333333432674408,0.05673357099294664,0.7192437648773193,0.04529949650168419,0.5529652237892151,0.08768340945243835,15318.0,180.21176470588242,0.2267418624272836,414.0,442.4632263183594,179.8095245361328,158.30978393554688,0.5755041837692261,0.06460416316986084,0.6583033800125122,5.716613668482751e-05,18.23879623413086,4.923447608947754,0.028857849538326263,0.047294232994318015,0.0006808479083701968,0.0029146138112992053,0.011764707043766977,0.010401480831205843,0.6583033800125122,5.716613668482751e-05,,,,,,,,,,,,,,,,,
40670,0.0026812362484633927,0.01305333152413368,0.8060631752014159,0.06377891451120378,0.05649717514124294,0.9243339896202089,0.13105741143226626,,0.02547318115830421,0.05958060920238495,1.4797951605545792,0.031273629516363144,0.04192453622817993,0.0058415019884705535,0.007971756160259247,0.18621954321861267,0.13444781303405762,68.42526908562114,0.3333333432674408,0.16091902554035187,,,1.749007063883144,1.362551671491019e-08,2.509874530431944e-09,17.7,0.484806627035141,0.5001150965690613,2.2642319202423096,0.07371716946363449,-0.5650374293327332,0.6217179894447327,0.0,0.0,1.0,0.0,0.2555135786533356,0.06393665075302124,0.016574585810303688,0.128025084733963,0.0,0.0,0.02162644453346729,0.05165758728981018,180,180,180,3,6.13873542050149e-05,3,3186,0,0,93,36.27210852901168,0.0,1.0,0.0,0.4309053421020508,0.02330536209046841,0.14434133303128574,1.1491613388061523,0.3394176959991455,0.4998430907726288,8.965636055791038e-08,0.09542811661958693,0.10314346849918364,0.18621952831745148,0.01995704509317875,-3.466554817389228e-26,0.6233835816383362,0.01440603379160166,0.5523045659065247,0.0382770337164402,188.0,9.58510684967041,2.652451515197754,0.005319148767739534,0.01985460519790649,50100.92578125,101804.8828125,0.3333333432674408,0.05247749015688896,0.9475722312927246,0.012555056251585484,0.9365894198417664,0.01999318040907383,187.0,1.033149171270718,0.058694287507846825,11.6875,8.761421203613281,1.6846846342086792,1.0701061487197876,0.7618311643600464,0.025833906605839733,0.5191491842269897,0.001051335595548153,8.613333702087402,2.956427335739136,0.0641951858997345,0.07028882205486298,0.031634554266929626,0.04776364192366599,0.005524862091988325,0.0266843605786562,0.5191491842269897,0.001051335595548153,,,,,,,,,,,,,,,,,
40701,0.0273579191416502,0.15329934656620026,3.3237361907958984,1.2729052305221558,0.004,0.2511357069015503,0.3311570286750793,0.25,0.005774877965450287,0.014895266853272915,0.5878935751446988,0.029431322589516636,0.11526495218276978,11.589882850646973,66.18680572509766,69834.984375,380368.90625,37.88778803321747,0.5,0.5071370005607605,,,62.63182995860536,2.0992443561553955,11.497952461242676,250.0,97.20316314697266,454.27734375,3.89611291885376,1.2753480672836304,185.88568115234372,631.6409912109375,71.5087661743164,336.937744140625,237.7346649169922,907.1177368164062,119.71045684814452,453.8251037597656,119.36033630371094,453.9181213378906,0.03333333507180214,0.18257415294647214,0.015516703948378563,0.02238094620406628,20,2,4,2,0.01609195402280354,2,5000,6,16,24,213.20374156006446,4.0,237.7013397216797,907.1175537109376,58.39057922363281,262.13748168945307,0.37767191213424256,5.166586399078369,12.870061874389648,0.07808127254247665,0.1625727117061615,119.47185516357422,453.8845520019531,69834.9765625,380368.71875,0.7642645858573975,0.8700048327445984,0.01164499297738075,0.7896150946617126,0.016053926199674606,291.0,14.587629318237305,5.754312992095947,0.0034364261664450173,0.010280327871441841,26080572.0,85966064.0,0.5,0.007289739791303873,0.8472028970718384,0.00872954074293375,0.8638016581535339,0.005796325858682394,290.0,9.666666666666666,0.057999999999999996,11.15384578704834,5.8493919372558585,9.551724433898926,8.287624359130861,0.8051959276199341,0.015861716121435162,0.8600009083747864,0.004282722249627113,13.614458084106445,5.89032506942749,0.03718291223049164,0.06408067792654037,0.018785184249281883,0.04565586149692536,0.033333327621221535,0.04004184156656265,0.8590005040168762,0.0009554998250678182,,,,,,,,,,,,,,,,,
40975,-4.966666522498997e-10,8.332179390890816e-11,1.7924813032150269,0.2273254096508026,0.003472222222222222,0.3462212979793549,0.28686147928237915,,0.05460648611187935,0.0551796592772007,1.205740970012175,0.04583333432674408,0.1240510269999504,0.009033004753291609,0.02497356757521629,0.20063692331314087,0.10725199431180954,10.538250249090794,0.25,0.31236532330513,,,1.1471191526280469,1.3958333155983382e-08,8.333330137055839e-10,288.0,0.53125,0.375,2.8838069438934326,0.3008135259151459,-0.9815049171447754,0.4161845445632935,0.0,0.0,1.0,0.0,0.28125,0.0416666716337204,0.0,0.0,0.0,0.0,0.11441566795110705,0.10402119904756546,6,0,6,4,0.02499999999895833,4,1728,0,0,10,14.666396392823774,0.0,1.0,0.0,0.4475391507148743,0.01920147240161896,0.026372817750435443,0.9859963655471802,0.22360262274742126,0.2912565171718597,0.045669980347156525,0.13583815097808838,0.06936416029930115,0.20063695311546328,0.01737116277217865,0.3656423780835472,0.700258731842041,0.0046030068770051,0.659902036190033,0.08556972444057465,237.0,9.970463752746582,2.1459395885467534,0.0042194086126983174,0.02383578009903431,49122.3984375,70016.3828125,0.25,0.1618250161409378,0.7707454562187195,0.11198580265045166,0.4903153777122498,0.2853150963783264,236.0,14.75,0.13657407407407407,15.733333587646484,14.063462257385256,15.399999618530273,13.388694763183596,0.6140609383583069,0.12788791954517365,0.700258731842041,0.0046030068770051,8.993657112121582,2.520669221878052,0.06503554433584212,0.061235778033733375,0.022495189681649208,0.04792623966932297,0.0625,0.03543413057923317,0.700258731842041,0.0046030068770051,,,,,,,,,,,,,,,,,
40979,0.04216177761554718,0.07703126966953278,1.5379008054733276,0.3169834315776825,0.12,0.847342848777771,0.09569577127695084,0.0,0.2494923770427704,0.10997475683689116,3.3219280948873617,0.17214736342430115,0.1586134433746338,1.0744490623474119,1.0887482166290283,6.141880989074707,23.76036834716797,10.201165106480866,0.10000000149011612,0.0,3.05530858039856,1.019825100898743,40.98869323730469,2.1693086624145512,0.690180242061615,8.333333333333334,4.491666793823242,1.9852840900421145,4.534186840057373,0.3398202657699585,-0.8309618830680847,1.8626713752746584,1.0717962980270386,1.4974874258041382,6.866666793823242,0.4914896190166474,4.026270389556885,1.1379327774047852,4.306250095367432,2.4286820888519287,1.0,0.0,0.3256420195102692,0.1137525662779808,240,0,0,10,0.049267782426769664,9,2000,0,240,46,3.722672972538872,,5.866666793823242,0.4914896190166474,2.446120262145996,0.3987979292869568,1.0225323006932694,-0.03631580993533135,0.9633398056030272,0.14620009064674375,0.013985844328999521,4.136593818664552,1.681582808494568,6.141881465911865,1.7348716259002686,1.9523328510434475e-06,0.19750000536441806,0.002635236829519272,0.1690000146627426,0.047246396541595466,155.0,7.941935539245605,1.4825334548950195,0.006451612804085015,0.018389435485005382,7256.1240234375,8246.0888671875,0.10000000149011612,0.021983923390507698,0.9564999341964722,0.01415196340531111,0.9265000224113464,0.01811230555176735,154.0,0.6416666666666667,0.077,12.833333015441895,12.119357109069824,1.3275861740112305,0.615394651889801,0.977000057697296,0.0075277197174727925,0.17599999904632568,0.022085694596171383,6.970873832702638,1.985939145088196,0.0940387025475502,0.1027631014585495,0.043097909539937966,0.034106142818927765,0.004166666883975267,0.013606223277747631,0.16849999129772186,0.012920699082314968,,,,,,,,,,,,,,,,,
40982,0.08691929280757904,0.1299951821565628,3.183745145797729,0.8358551859855652,0.013910355486862442,1.1091911792755127,0.6921516060829163,0.0,0.10279122740030287,0.0889751985669136,2.4106904422724416,0.24536862969398496,0.2259642481803894,9021001728.0,168087388160.0,242991513600.0,1211220361216.0,5.7862989531863125,0.1428571492433548,0.11490876227617265,,,1235067.25,,,71.8888888888889,129639.65625,456248.34375,5.177814960479736,0.8161402940750122,109.18518829345705,344.8948059082031,90501.9921875,323211.0,1398296.75,4014170.75,130102.8125,440072.0,90009.3984375,321145.375,555.4741821289061,1792.111572265625,0.4166204333305359,0.16520652174949646,27,2,0,7,0.139601139599151,3,1941,0,27,15,6.641837048350745,,1397741.125,4012672.5,150690.09375,478284.9375,,3.7354676723480233,8.630699157714844,0.05272271484136581,0.14375808835029602,95119.9375,337599.65625,242991513600.0,839160496128.0,-0.5322389382418715,0.4868535101413727,0.0640583485364914,0.3992391526699066,0.0689377710223198,304.0,11.8453950881958,3.074290990829468,0.0032894737087190147,0.009950350970029831,587825.8125,2021126.75,0.1428571492433548,0.14093461632728574,0.6359020471572876,0.10416987538337708,0.4171092510223389,0.12148676067590715,303.0,11.222222222222221,0.1561051004636785,15.149999618530273,13.906737327575685,11.5600004196167,6.589638710021973,0.32250529527664185,0.07473157346248628,0.4408041834831238,0.08105798810720444,10.866557121276855,3.3439249992370605,0.047738172113895416,0.07934058457612991,0.016650840640068054,0.048844113945961,0.03703703731298447,0.039026930928230286,0.30835384130477905,0.0878962054848671,,,,,,,,,,,,,,,,,
40983,0.03917352482676506,0.06424098461866379,3.9999866485595694,1.3808738003717734e-05,0.00103327133705311,0.3908238112926483,,0.0,0.0017985865706577895,0.0010886196978390217,0.3028903171988337,0.2376902997493744,0.2647741436958313,894.125,1333.2889404296875,6532.04248046875,10800.271484375,13.882455183427238,0.5,0.6308286786079407,,,93.80445098876952,160.1699676513672,197.4698028564453,967.8,61.78548431396485,88.7593002319336,4.2810587882995605,0.009725656360387802,47.93604278564453,55.3902359008789,45.18214797973633,65.48400115966797,1076.1246337890623,833.745849609375,204.97116088867188,193.7591857910156,198.0459899902344,192.4112243652344,50.85789489746094,52.07244873046875,0.021818209439516068,0.009715021587908268,5,0,0,2,0.09999999994999999,1,4839,0,5,5,182.33248678473117,,1025.2667236328123,785.4299926757812,61.205467224121094,59.01199340820313,1.2560528504716977,3.3713386058807373,3.91983962059021,1.541839083074592e-05,1.5534636986558326e-05,199.20327758789062,193.5886688232422,6532.0419921875,10229.8154296875,0.8472567531914091,0.9460636973381042,0.0006109279929660262,0.9098907709121704,0.01859402097761631,77.0,7.1298699378967285,1.852101445198059,0.012987012974917887,0.044488593935966485,3179.491943359375,5756.98681640625,0.5,0.0275496244430542,0.9377714395523072,0.042399834841489785,0.8886251449584961,0.04168973863124848,76.0,15.2,0.015705724323207274,6.333333492279053,5.382350444793701,16.0,6.055300712585449,0.9782932996749878,0.014159973710775375,0.9460636973381042,0.0006109279929660262,6.183006763458253,2.237355947494507,0.10610651969909668,0.10403405129909517,0.07295048981904984,0.05777184665203095,0.20000000298023224,0.2447282373905182,0.9460636973381042,0.0006109279929660262,,,,,,,,,,,,,,,,,
40984,0.1354408711194992,0.1594989150762558,3.2874269485473637,1.1266335248947144,0.0069264069264069255,,,0.0,0.1310262382030487,0.07328606396913527,2.807354922057604,0.3098402619361877,0.34792691469192505,205.04913330078125,457.90081787109375,867.9852294921875,2258.216064453125,2.937019359486385,0.1428571492433548,0.0,,,243.7903289794922,,,144.375,18.889568328857425,21.558324813842773,5.138930320739746,0.8763002753257751,43.31801223754883,97.17816162109376,11.902486801147461,13.104104995727539,206.1190643310547,395.0680236816406,13.168661117553713,19.388628005981445,7.405647277832031,13.179019927978516,-6.190261363983153,14.528728485107422,0.955851674079895,0.5619919896125793,16,0,0,7,0.3083333333204861,6,2310,0,16,15,2.439264610154553,,212.309326171875,392.2779846191406,21.90869903564453,20.343557357788086,0.053177914107452116,3.7213945388793945,5.004308223724365,0.037523925304412835,0.10025561600923537,8.969352722167969,15.186287879943848,867.985107421875,1048.8106689453123,0.0004380744481963175,0.2852814197540283,0.0013689580373466015,0.6437228918075562,0.020916052162647247,161.0,11.44720458984375,3.2285845279693604,0.006211180239915848,0.02049083262681961,223350.03125,465014.90625,0.1428571343421936,0.1164768785238266,0.8367964625358582,0.014437224715948103,0.7125540971755981,0.024590371176600456,160.0,10.0,0.06926406926406926,8.88888931274414,6.5159430503845215,11.357142448425293,7.185532093048097,0.9329004287719728,0.017104282975196842,0.2666667103767395,0.0229251179844141,10.485980987548828,3.4560575485229488,0.053652867674827576,0.09932828694581984,0.018403520807623863,0.05722447112202644,0.0625,0.10088572651147842,0.15757575631141665,0.007956157438457012,,,,,,,,,,,,,,,,,
40994,0.012796204537153244,0.0027330939192324877,2.999960660934448,2.453307104133273e-07,0.03333333333333333,0.5272502303123474,,0.0,0.0036312884185463186,0.004329052288085222,0.4201910370851764,0.009228913113474846,0.007278142496943474,0.0007704807212576269,0.0006076034624129534,0.08348699659109116,0.004158112220466137,21.4873011964088,0.5,0.5866367220878601,0.3679400384426117,0.0011445815907791257,0.5501825213432312,0.11433754861354828,0.031294304877519614,30.0,0.4984503984451294,0.0014402077067643404,3.4005959033966064,0.02405121736228466,-1.2066742181777954,0.0006819642148911952,0.3705357313156128,0.0010075697209686039,0.9985848665237428,0.0009555910946801305,0.5000221133232117,6.0298127209534875e-05,0.4999427199363709,0.0005873892805539073,0.0013603894039988518,0.001175853773020208,0.019555320963263508,0.024051232263445854,18,0,0,2,0.0,1,540,0,18,0,152.4089198069634,,0.997224509716034,0.0015944585902616384,0.2889411449432373,8.702230843482539e-05,,5.469596544571687e-06,0.0007062146905809642,0.0,0.0,0.5000092983245851,8.413211617153138e-05,0.08348698914051056,5.0292474043089896e-05,0.7220071672726612,0.9149290919303894,0.008286985568702221,0.8869729042053223,0.035444289445877075,25.0,5.28000020980835,1.5143755674362185,0.03999999910593033,0.10733021795749664,256.76190185546875,214.7627716064453,0.5,0.028284266591072083,0.95382821559906,0.024873211979866028,0.95005464553833,0.017169177532196045,24.0,1.3333333333333333,0.04444444444444445,3.0,1.6903085708618164,1.8333333730697632,0.9374368786811828,0.8886550664901733,0.030936310067772862,0.9149290919303894,0.008286985568702221,4.408163070678711,1.8699194192886357,0.13252581655979154,0.13193920254707334,0.16593749821186066,0.10372497141361237,0.0555555559694767,0.0736524686217308,0.9149290919303894,0.008286985568702221,,,,,,,,,,,,,,,,,
41027,0.008456219919025898,0.018997861072421074,2.6969709396362305,0.4368879795074463,0.00013387179544389658,0.4161550402641296,0.17451679706573486,0.0,0.01580875925719738,0.008983995765447617,1.3491090889091473,0.004192965570837259,0.008658917620778084,0.027426490560173992,0.05914712324738504,6.457387924194336,1.5905359983444214,18.76188868727607,0.3333333432674408,0.2143535763025284,,,3.1904258728027344,6.000778540737883e-08,2.2685719969217644e-08,7469.833333333332,5.333333492279053,1.032795548439026,3.9741733074188232,0.3903652429580689,-1.334536910057068,0.07798473536968231,3.4593999385833736,0.7656112313270569,7.0,0.8944271802902222,3.7195796966552734,0.5619224309921265,4.0,0.8944271802902222,0.0,0.0,0.07190689444541931,0.06280691176652907,6,0,0,3,0.0,2,44819,1,6,0,36.506431645080326,,7.0,0.8944271802902222,2.523533582687378,0.327109158039093,,-0.20973283052444455,0.32492488622665405,0.15130381286144254,0.04029043763875961,3.8659381866455083,0.7220990061759949,6.457387447357178,1.5829404592514038,0.6481242884829721,0.615942120552063,0.04440055787563324,0.5137749910354614,0.061711188405752175,10647.0,16.76716423034668,3.128018617630005,9.392316860612482e-05,0.0008426488493569195,543755712.0,2003206656.0,0.3333333432674408,0.10858578979969023,0.6537854075431824,0.06854686886072159,0.6669707298278809,0.07372482120990753,10646.0,1774.333333333333,0.23753318904928716,394.2962951660156,453.9915466308594,2066.199951171875,1452.120361328125,0.7080765962600708,0.09271412342786788,0.5602108240127563,0.06685229390859604,15.767998695373535,3.4307096004486084,0.04086797684431076,0.042633157223463065,0.0009249479044228793,0.004436214920133352,0.1666666716337204,0.05466999113559723,0.5094413757324219,0.11907342076301575,,,,,,,,,,,,,,,,,
