id,best_node.mean,best_node.sd,elite_nn.mean,elite_nn.sd,leaves,leaves_branch.mean,leaves_branch.sd,leaves_corrob.mean,leaves_corrob.sd,leaves_homo.mean,leaves_homo.sd,leaves_per_class.mean,leaves_per_class.sd,linear_discr.mean,linear_discr.sd,naive_bayes.mean,naive_bayes.sd,nodes,nodes_per_attr,nodes_per_inst,nodes_per_level.mean,nodes_per_level.sd,nodes_repeated.mean,nodes_repeated.sd,one_nn.mean,one_nn.sd,random_node.mean,random_node.sd,tree_depth.mean,tree_depth.sd,tree_imbalance.mean,tree_imbalance.sd,tree_shape.mean,tree_shape.sd,var_importance.mean,var_importance.sd,worst_node.mean,worst_node.sd
3,0.48996180295944214,0.12725324928760529,0.5222159624099731,0.0006838809931650758,55,9.109090805053711,3.1953248977661133,0.01818181574344635,0.04430364817380905,18149.001953125,45089.1171875,0.5,0.1414213627576828,0.8932393789291382,0.07471739500761032,0.6081186532974243,0.09356459975242615,54,1.5,0.016896120150187734,3.375,2.217355728149414,1.6774193048477173,0.7017642259597778,0.7647145986557007,0.07678861171007156,0.48784199357032776,0.08517216145992279,8.201834678649902,3.357633113861084,0.05481895059347153,0.09267132729291916,0.05396784096956253,0.09525788575410843,0.0277777761220932,0.06489015370607376,0.4809434413909912,0.10627274215221405
6,0.0718027800321579,0.0017295375000685453,0.09435144066810608,0.018837619572877884,2237,16.116226196289062,4.0804619789123535,0.00044702726881951094,0.0018688241252675653,207081072.0,1438169344.0,0.03846153989434242,0.009550478309392929,0.7013683915138245,0.01319811213761568,0.6424087882041931,0.01087086834013462,2236,139.75,0.1118,77.10344696044922,73.8441162109375,142.8000030517578,35.098228454589844,0.9602985382080078,0.004546248819679022,0.06112958863377571,0.010721907950937748,15.1200532913208,4.3110432624816895,0.03538302332162857,0.05195867642760277,0.0032791700214147568,0.013873599469661713,0.0625,0.04107080399990082,0.050399743020534515,0.002217269502580166
11,0.45129847526550293,0.10190348327159882,0.3613947331905365,0.2102450132369995,161,8.111801147460938,1.4534175395965576,0.006211180239915848,0.014286641962826252,7467.00927734375,5244.84765625,0.3333333432674408,0.025859206914901733,0.8542909622192383,0.05927237123250961,0.8407989740371704,0.09856989979743958,160,40.0,0.256,16.0,11.944315910339355,40.66666793823242,3.214550256729126,0.7109133005142212,0.08022208511829376,0.6067590713500977,0.0957450270652771,7.140186786651611,1.96428382396698,0.12501457333564758,0.07488376647233963,0.040688082575798035,0.03823166713118553,0.25,0.009118422865867615,0.6615808010101318,0.0713719055056572
12,0.19199998676776886,0.005868935491889715,0.2460000067949295,0.03356585651636124,119,10.159664154052734,3.3037807941436768,0.008403361774981022,0.021809682250022888,62460.9140625,137584.03125,0.10000000894069672,0.03746596723794937,0.9810000658035278,0.00843273289501667,0.9244999885559082,0.015356861986219883,118,0.5462962962962963,0.059,6.941176414489746,4.866602897644043,1.426829218864441,0.6484642028808594,0.9474999308586121,0.01874537393450737,0.18150000274181366,0.015643596649169922,9.206750869750977,3.520442247390747,0.05794738605618477,0.0840601846575737,0.04030461609363556,0.07319862395524979,0.004629629664123058,0.015279380604624748,0.19599997997283936,0.004594684578478336
14,0.19099998474121094,0.008096635341644287,0.2290000170469284,0.03935592249035835,236,11.190677642822266,3.4173645973205566,0.0042372881434857845,0.012449253350496292,329525.78125,827810.625,0.10000000149011612,0.05109013244509697,0.8060000538825989,0.02389792911708355,0.765999972820282,0.02601281926035881,235,3.0921052631578947,0.1175,12.368420600891113,8.48666000366211,3.0273971557617188,2.061368227005005,0.8269999623298645,0.021239379420876503,0.15950000286102295,0.024203993380069733,10.216560363769531,3.6559224128723145,0.051776692271232605,0.07518474757671356,0.023250563070178032,0.0495058037340641,0.01315789483487606,0.027160752564668655,0.14350000023841858,0.018265023827552795
15,0.9043432474136353,0.04597843438386917,0.8563730120658875,0.17957180738449097,36,6.361111164093018,1.9146469831466675,0.02777777798473835,0.09958289563655853,740.1650390625,617.5908203125,0.5,0.117851123213768,0.9587110280990601,0.043465860188007355,0.9600785970687866,0.02961726300418377,35,3.888888888888889,0.05007153075822604,3.8888888359069824,1.8333333730697632,3.625,2.0658793449401855,0.955854058265686,0.042420096695423126,0.89989173412323,0.029256664216518402,5.464788913726807,2.2157294750213623,0.11656264215707779,0.12139960378408432,0.1165364608168602,0.11228588223457336,0.1111111119389534,0.2330128252506256,0.8454599380493164,0.07172660529613495
16,0.18799999356269836,0.007527724839746952,0.27950000762939453,0.026294276118278503,187,9.176470756530762,2.21089243888855,0.005347593687474728,0.015134950168430805,26128.439453125,38974.234375,0.10000000149011612,0.02212781086564064,0.9510000348091125,0.011972191743552685,0.9389999508857727,0.021959548816084862,186,2.90625,0.093,13.285714149475098,10.483896255493164,3.423076868057251,2.4281532764434814,0.9739998579025269,0.011972207576036453,0.16100001335144043,0.025798361748456955,8.203753471374512,2.5718257427215576,0.07902781665325165,0.08729308843612671,0.03291851282119751,0.04547857493162155,0.015625,0.029726119711995125,0.14949999749660492,0.01571446657180786
18,0.1979999989271164,0.004830459598451853,0.31950002908706665,0.06322139501571655,516,16.186046600341797,7.277327060699463,0.0019379844889044762,0.006713992916047573,14624132096.0,95860760576.0,0.10000000149011612,0.08407468348741531,0.7389999628067017,0.018973665311932564,0.6944999694824219,0.02692067250609398,515,85.83333333333333,0.2575,14.30555534362793,12.819226264953613,102.5999984741211,86.92410278320312,0.445499986410141,0.026609310880303383,0.19900000095367432,0.0021081892773509026,15.202715873718262,7.394213676452637,0.02683067135512829,0.04973449185490608,0.009795046411454678,0.03608735278248787,0.1666666716337204,0.07573660463094711,0.19749999046325684,0.004859128035604954
22,0.18549999594688416,0.006851597223430872,0.1835000216960907,0.01886354386806488,346,15.280346870422363,9.030352592468262,0.0028901733458042145,0.009546123445034027,17876438220800.0,166598946062336.0,0.10000000149011612,0.07349859923124313,0.8140000104904175,0.03264285996556282,0.7265000343322754,0.018416479229927063,345,7.340425531914893,0.1725,7.1875,9.012181282043457,7.369565010070801,3.0721595287323,0.800000011920929,0.021858133375644684,0.17149999737739563,0.029254628345370293,14.30390739440918,9.119510650634766,0.019982999190688133,0.04813718423247337,0.016024239361286163,0.042227379977703094,0.021276595070958138,0.026379043236374855,0.17000000178813934,0.015275252982974052
23,0.4270256459712982,0.00214183796197176,0.388258695602417,0.03128962591290474,688,13.597383499145508,3.6020121574401855,0.0014534883666783571,0.0027297544293105602,7318011.5,27927034.0,0.3333333432674408,0.03446739912033081,0.511854350566864,0.031169677153229713,0.4664095342159271,0.03801386058330536,687,76.33333333333333,0.4663951120162933,29.869565963745117,25.151004791259766,58.25,32.552154541015625,0.4609435498714447,0.04108824580907822,0.43180131912231445,0.023844029754400253,12.607999801635742,3.8497729301452637,0.04157101735472679,0.05578025430440903,0.007929760031402111,0.030174631625413895,0.1111111119389534,0.094195656478405,0.4270256459712982,0.00214183796197176
28,0.19466900825500488,0.0038910505827516317,0.19661132991313934,0.025304002687335014,366,10.85792350769043,2.9023430347442627,0.0027322403620928526,0.010549723170697689,329947.8125,991774.5,0.10000000149011612,0.03972359746694565,0.9471185803413391,0.011641315184533596,0.7900184392929077,0.022894421592354774,365,5.703125,0.06494661921708185,19.210525512695312,16.44715118408203,7.300000190734863,4.131758689880371,0.984332263469696,0.005760252010077238,0.16333308815956116,0.030237644910812378,9.874144554138184,3.19897723197937,0.05783539637923241,0.0832228735089302,0.018550695851445198,0.03127579391002655,0.015625,0.026326224207878113,0.1016031876206398,0.00057993084192276
29,0.8554657697677612,0.18624290823936462,0.5422226190567017,0.040107809007167816,93,8.0,2.2793972492218018,0.01075268816202879,0.02519869990646839,7120.17724609375,10907.8935546875,0.5,0.022809896618127823,0.8568943738937378,0.18665900826454163,0.7900384068489075,0.0760374516248703,92,6.133333333333334,0.13333333333333333,7.07692289352417,4.698608875274658,7.0,6.595452785491943,0.6649013757705688,0.06096692010760307,0.6010266542434692,0.13863039016723633,7.048648834228516,2.600754499435425,0.07928793877363205,0.08630950003862381,0.058223601430654526,0.06492477655410767,0.06666667759418488,0.1287044882774353,0.651078999042511,0.10602472722530365
31,0.6999999284744263,6.282881059860301e-08,0.6100000143051147,0.05099019035696983,202,9.945544242858887,3.1751530170440674,0.004950494971126318,0.01037733443081379,185248.890625,554374.875,0.5,0.02100318670272827,0.7590000033378601,0.04508017376065254,0.7300000190734863,0.05228128284215927,201,10.05,0.201,11.166666984558105,8.978732109069824,10.833333015441895,8.945916175842285,0.6060000061988831,0.043512456119060516,0.6999999284744263,6.282881059860301e-08,8.972704887390137,3.433338165283203,0.05885758623480797,0.07776819169521332,0.03012307733297348,0.04560193791985512,0.04999999701976776,0.04475359991192818,0.6999999284744263,6.282881059860301e-08
32,0.2011549025774002,0.006015924271196127,0.25671347975730896,0.021902581676840782,352,10.392045021057129,2.753861665725708,0.0028409091755747795,0.011298755183815956,294878.46875,1057393.375,0.10000000149011612,0.03481450304389,0.8760255575180054,0.025124549865722656,0.8560261726379395,0.019512074068188667,351,21.9375,0.03193231441048035,18.473684310913086,17.55109405517578,21.799999237060547,4.768947124481201,0.9930845499038696,0.002443698002025485,0.19047173857688904,0.012860425747931004,9.40825080871582,3.0661816596984863,0.05603165179491043,0.07000567764043808,0.019838344305753708,0.029815660789608955,0.0625,0.036215875297784805,0.20396411418914795,0.0015572941629216075
37,0.7175495624542236,0.042237911373376846,0.6639952063560486,0.04589342325925827,128,8.4609375,2.054004430770874,0.0078125,0.017519647255539894,10421.95703125,13778.8408203125,0.5,0.011048543266952038,0.7734962701797485,0.03654038906097412,0.7564935088157654,0.03482411056756973,127,15.875,0.16536458333333334,9.769230842590332,7.573570728302002,16.428571701049805,7.502380847930908,0.6796650886535645,0.05890508368611336,0.6431647539138794,0.022722888737916946,7.498039245605469,2.4234330654144287,0.08586319535970688,0.09319529682397842,0.04429817199707031,0.057940345257520676,0.125,0.09955142438411713,0.6536568403244019,0.013528544455766678
44,0.7726137638092041,0.05615488812327385,0.38298532366752625,0.035900335758924484,297,15.484848022460938,6.998595714569092,0.003367003286257386,0.01438972819596529,1973785472.0,13430578176.0,0.5,0.002380812307819724,0.8830677270889282,0.018364492803812027,0.8216885328292847,0.08133428543806076,296,5.192982456140351,0.06433384046946317,8.70588207244873,5.818098545074463,6.170212745666504,5.518030166625977,0.7878485918045044,0.04132213816046715,0.6313375234603882,0.08290282636880875,14.51264762878418,7.108017444610596,0.02706613764166832,0.06222638487815857,0.01689911261200905,0.04855509474873543,0.017543859779834747,0.04890818893909454,0.6085585355758667,0.007987900637090206
46,0.6238034963607788,0.013389470055699348,0.5062555074691772,0.06229814141988754,166,8.662651062011719,1.7634477615356445,0.0060240961611270905,0.02070697955787182,12611.0224609375,13467.9326171875,0.3333333432674408,0.0808965340256691,0.8899722099304199,0.01762162148952484,0.9169139862060547,0.01535053364932537,165,2.75,0.05172413793103448,13.75,11.49802303314209,2.9272727966308594,1.9037444591522217,0.7604926228523254,0.04342356324195862,0.5278735160827637,0.028657423332333565,7.691843032836914,2.1981863975524902,0.08987803012132645,0.06704056262969971,0.03560629114508629,0.05055055394768715,0.01666666567325592,0.04787595942616463,0.518811047077179,0.0010896845487877727
50,0.6287072896957397,0.07966858148574829,0.6275038123130798,0.05411053076386452,130,8.469230651855469,1.9377460479736328,0.007692307699471712,0.012528886087238789,9826.912109375,11648.486328125,0.5,0.054392848163843155,0.6193104982376099,0.09557946771383286,0.6839092969894409,0.041647717356681824,129,14.333333333333334,0.13465553235908143,10.75,8.465168952941895,14.125,6.490377426147461,0.7109414935112,0.052684806287288666,0.653449535369873,0.0026975166983902454,7.505791664123535,2.3267414569854736,0.0881948173046112,0.07955311238765717,0.042499247938394547,0.06017307937145233,0.1111111119389534,0.016854245215654373,0.653449535369873,0.0026975166983902454
54,0.3973364233970642,0.02726959064602852,0.33459681272506714,0.06803550571203232,133,9.13533878326416,3.159358501434326,0.007518797181546688,0.016908081248402596,81711.359375,280497.84375,0.2499999850988388,0.16861507296562195,0.7815068960189819,0.038968708366155624,0.4610860347747803,0.05051935836672783,132,7.333333333333333,0.15602836879432624,7.333333492279053,6.516946315765381,7.294117450714111,3.3868257999420166,0.6525337100028992,0.03090374357998371,0.35817858576774597,0.05005916953086853,8.173584938049316,3.405663251876831,0.06205323711037636,0.08530592918395996,0.043166596442461014,0.05563678592443466,0.0555555522441864,0.05155748873949051,0.3608037829399109,0.03457943722605705
151,0.754543662071228,0.09601328521966934,0.6463195085525513,0.03824441134929657,3887,16.09596061706543,4.224807262420654,0.00025726782041601837,0.001016597030684352,608734848.0,3328585984.0,0.5,0.0038202113937586546,0.7168722152709961,0.05969490110874176,0.7312607765197754,0.07761518657207489,3886,485.75,0.08576094632768362,134.0,124.89424133300781,433.5714416503906,142.43930053710938,0.661034345626831,0.052025992423295975,0.5991970300674438,0.07286130636930466,15.098160743713379,4.4510273933410645,0.036598339676856995,0.05446711555123329,0.002362573519349098,0.007044406142085791,0.125,0.13776975870132446,0.6491110920906067,0.09594689309597015
182,0.4248792231082916,0.005187807604670525,0.5156033635139465,0.02760070376098156,506,11.996047019958496,3.672750234603882,0.0019762846641242504,0.009319835342466831,4360686.0,27246254.0,0.1666666716337204,0.08707921206951141,0.8385920524597168,0.011547762900590897,0.7962579131126404,0.015558547340333462,505,14.027777777777779,0.07853810264385692,21.04166603088379,18.746545791625977,13.971428871154785,4.1194353103637695,0.9060530662536621,0.011192253790795803,0.4118344783782959,0.010384083725512028,11.008902549743652,3.9145476818084717,0.04422524571418762,0.07111117988824844,0.01411454938352108,0.02527620643377304,0.02777777798473835,0.06467873603105545,0.4130580425262451,0.010574042797088623
300,0.07643924653530121,0.0008555069798603654,0.09631796181201935,0.01797872968018055,660,12.127272605895996,3.1659488677978516,0.0015151514671742916,0.005497731734067202,2529140.5,15144141.0,0.03846153989434242,0.015066895633935928,0.9401038289070129,0.014902401715517044,0.845312774181366,0.02866491489112377,659,1.06807131280389,0.0845196870591253,28.65217399597168,27.95224380493164,1.6846153736114502,0.9406660795211792,0.9057210683822632,0.036373164504766464,0.07028408348560333,0.003026471007615328,11.137225151062012,3.448753595352173,0.045238103717565536,0.06251439452171326,0.011028874665498734,0.022745100781321526,0.0016207455191761255,0.005514236632734537,0.06707532703876495,0.006466393359005451
307,0.1666666567325592,0.018594885244965553,0.23333334922790527,0.05742690712213516,148,9.324324607849121,2.4886579513549805,0.006756756920367479,0.010692404583096504,35318.90625,86179.921875,0.09090908616781235,0.027088383212685585,0.505050539970398,0.08959013968706131,0.596969723701477,0.07640204578638077,147,12.25,0.1484848484848485,9.1875,8.109408378601074,14.300000190734863,5.1218485832214355,0.6363636255264282,0.06060604751110077,0.11414141952991486,0.032661668956279755,8.359321594238281,2.799363374710083,0.060390472412109375,0.0647655725479126,0.0337427482008934,0.06069899722933769,0.0833333358168602,0.07548965513706207,0.09090910106897354,7.853601324825377e-09
458,0.6302632689476013,0.06536198407411575,0.5290409326553345,0.05601782351732254,32,5.5,1.2700012922286987,0.03125,0.07766083627939224,333.29522705078125,238.3044891357422,0.25,0.06750771403312683,0.9964281916618347,0.00575147895142436,0.9834684133529663,0.01663702353835106,31,0.44285714285714284,0.036860879904875146,3.875,2.5319387912750244,1.3478261232376099,0.647280752658844,0.9881218671798706,0.014900777488946915,0.5016294717788696,0.08175067603588104,4.603174686431885,1.7183984518051147,0.13687655329704285,0.11581501364707947,0.142333984375,0.08446396142244339,0.014285714365541935,0.053643450140953064,0.4607670307159424,0.06403281539678574
469,0.19093041121959686,0.018034370616078377,0.16286258399486542,0.04955098032951355,237,9.210970878601074,1.8972007036209106,0.004219409078359604,0.00454655010253191,26934.77734375,32492.94921875,0.1666666716337204,0.12187447398900986,0.21999983489513397,0.044356442987918854,0.20503981411457062,0.04927471652626991,236,59.0,0.2961104140526976,18.153846740722656,15.523348808288574,48.66666793823242,51.50081253051758,0.1741054356098175,0.031816259026527405,0.1946282833814621,0.028212089091539383,8.232558250427246,2.3199660778045654,0.09565024822950363,0.09319175779819489,0.02802775613963604,0.03665005788207054,0.25,0.17901688814163208,0.20085060596466064,0.019028959795832634
1049,0.8779215812683105,0.002549341879785061,0.8422862887382507,0.03875768929719925,97,9.969072341918945,4.179447650909424,0.010309278033673763,0.05350439250469208,151116.03125,430573.0,0.5,0.0801873505115509,0.9067075848579407,0.015357271768152714,0.8737883567810059,0.028976809233427048,96,2.5945945945945947,0.06584362139917696,5.052631378173828,2.7177131175994873,2.84375,1.7247604131698608,0.8196032643318176,0.02633744664490223,0.8779215812683105,0.002549341879785061,9.025906562805176,4.341461181640625,0.050404053181409836,0.08391658216714859,0.05165049061179161,0.07397819310426712,0.027027029544115067,0.05295287072658539,0.8779215812683105,0.002549341879785061
1050,0.8976319432258606,0.00031555790337733924,0.8502572178840637,0.05611686035990715,135,10.088889122009277,3.4020771980285645,0.007407407276332378,0.027186773717403412,155385.609375,542740.8125,0.5,0.04714047163724899,0.8944064378738403,0.020677441731095314,0.28683650493621826,0.20956028997898102,134,3.6216216216216215,0.08573256557901472,7.052631378173828,5.306951999664307,3.7647058963775635,2.8183257579803467,0.8388004302978516,0.019909685477614403,0.8976319432258606,0.00031555790337733924,9.130111694335938,3.6223013401031494,0.05128456652164459,0.0783415213227272,0.036728158593177795,0.06794924288988113,0.027027027681469917,0.030106335878372192,0.8976319432258606,0.00031555790337733924
1053,0.8065229654312134,0.00036339409416541457,0.7221971750259399,0.03660256788134575,1833,16.735952377319336,5.169622898101807,0.0005455536884255707,0.0012030171928927302,2495308288.0,21526441984.0,0.5,0.03973377123475075,0.8098424077033997,0.025553394109010696,0.8043279647827148,0.022958632558584213,1832,87.23809523809524,0.16830500689021588,55.51515197753906,48.66025161743164,78.94999694824219,28.036584854125977,0.7096026539802551,0.02391991578042507,0.8065229654312134,0.00036339409416541457,15.740791320800781,5.351604461669922,0.030464135110378265,0.05183744058012962,0.0039003093261271715,0.015621749684214592,0.0476190485060215,0.03523123264312744,0.8065229654312134,0.00036339409416541457
1063,0.8472509384155273,0.09937841445207596,0.6030699014663696,0.11487692594528198,71,8.112675666809082,2.915717124938965,0.01408450584858656,0.024707864969968796,12726.076171875,30396.345703125,0.5,0.18922577798366547,0.8302739858627319,0.08079843968153,0.8284612894058228,0.07614727318286896,70,3.3333333333333335,0.13409961685823754,4.666666507720947,3.1547396183013916,3.263157844543457,1.995609164237976,0.6036967635154724,0.10096616297960281,0.7959824204444885,0.0899679958820343,7.177304744720459,3.1493396759033203,0.06710647791624069,0.08555074781179428,0.06807482987642288,0.08292004466056824,0.0476190485060215,0.08033370226621628,0.7862076163291931,0.11035424470901489
1067,0.8454300761222839,0.0019079010235145688,0.7851834893226624,0.05424027889966965,263,12.0646390914917,4.238095760345459,0.00380228110589087,0.01326870359480381,1419935.125,4197448.0,0.5,0.0295748021453619,0.8525909185409546,0.02985483407974243,0.8227373957633972,0.0597686804831028,262,12.476190476190476,0.12422949265054528,12.476190567016602,7.208460807800293,11.5,5.978030204772949,0.7790783047676086,0.04889008775353432,0.8454300761222839,0.0019079010235145688,11.089524269104004,4.431581497192383,0.04722443222999573,0.06681064516305923,0.021983878687024117,0.04463045671582222,0.0476190522313118,0.042092498391866684,0.8454300761222839,0.0019079010235145688
1068,0.9296781420707703,0.005530403461307287,0.8873680830001831,0.05924563109874725,76,8.986842155456543,3.2103724479675293,0.013157893903553486,0.05517742410302162,22947.421875,54799.1953125,0.5,0.037216152995824814,0.9287614822387695,0.018229855224490166,0.891791045665741,0.03868870809674263,75,3.5714285714285716,0.06762849413886383,4.6875,2.725649833679199,3.6842105388641357,2.729522228240967,0.8901114463806152,0.04393533617258072,0.9314801096916199,0.004463889170438051,8.052980422973633,3.4132838249206543,0.058611299842596054,0.07849208265542984,0.05688275769352913,0.08793475478887558,0.0476190485060215,0.048918694257736206,0.9305872917175293,0.003994268830865622
1461,0.8830151557922363,6.0924732679268345e-05,0.821502685546875,0.014829093590378761,3677,15.96002197265625,4.03403377532959,0.00027196083101443946,0.002044881694018841,629468032.0,5387819008.0,0.5,0.03826874867081642,0.8833006024360657,0.0285495538264513,0.8074939846992493,0.1318257600069046,3676,229.75,0.08130764636924642,122.53333282470703,124.50031280517578,210.06666564941406,218.1236572265625,0.8393281698226929,0.03420170396566391,0.8830151557922363,6.0924732679268345e-05,14.96232795715332,4.270195484161377,0.03518534079194069,0.053994230926036835,0.002448821207508445,0.007527226582169533,0.0625,0.07121676206588745,0.8830151557922363,6.0924732679268345e-05
1462,0.8527557253837585,0.036102958023548126,0.7943986058235168,0.0532703697681427,27,5.407407283782959,1.3375999927520752,0.03703703731298447,0.07350684702396393,262.78094482421875,147.7769012451172,0.5,0.07856743782758713,0.9766741991043091,0.009606624953448772,0.8410769701004028,0.040211811661720276,26,6.5,0.018950437317784258,3.7142856121063232,1.8898223638534546,6.0,2.0,0.9992700815200806,0.0023082238622009754,0.7091716527938843,0.12801076471805573,4.52830171585083,1.7387415170669556,0.16115371882915497,0.11589577794075012,0.15219907462596893,0.10841289162635803,0.25,0.24869970977306366,0.5553898811340332,0.0013603945262730122
1464,0.7620540857315063,0.004330337513238192,0.6390089988708496,0.0535743422806263,198,10.136363983154297,3.2566356658935547,0.005050505045801401,0.007987513206899166,187223.84375,635803.5,0.5,0.12142237275838852,0.770054042339325,0.015072282403707504,0.747351348400116,0.036696530878543854,197,49.25,0.26336898395721925,10.368420600891113,8.104940414428711,50.33333206176758,41.40450668334961,0.5699640512466431,0.16806647181510925,0.7607207298278809,0.006528067402541637,9.164556503295898,3.5064494609832764,0.05502750352025032,0.07765982300043106,0.030224867165088654,0.047054603695869446,0.25,0.13208970427513123,0.7620540857315063,0.004330337513238192
1468,0.20555555820465088,0.014344384893774986,0.12037037312984467,0.029280347749590874,145,26.524137496948242,13.123919486999512,0.0068965512327849865,0.015851151198148727,1016461321568256.0,6095462146768896.0,0.1111111119389534,0.060166679322719574,0.8722222447395325,0.04737427085638046,0.8916667103767395,0.01854422502219677,144,0.16822429906542055,0.13333333333333333,2.6666667461395264,1.2738295793533325,1.252173900604248,0.49281638860702515,0.8648148775100708,0.02552601508796215,0.11574075371026993,0.014640172012150288,25.61937713623047,13.099794387817383,0.01533270999789238,0.05909712612628937,0.02044740691781044,0.08035469800233841,0.001168224262073636,0.007159654516726732,0.11388889700174332,0.00447264825925231
1475,0.40291696786880493,0.046274762600660324,0.3604816794395447,0.041799645870923996,1756,16.071754455566406,4.722797870635986,0.0005694759893231094,0.0014709217939525843,1346029824.0,12994755584.0,0.1666666716337204,0.038809146732091904,0.4510255455970764,0.06961877644062042,0.16852697730064392,0.03138556703925133,1755,34.411764705882355,0.2868584504740111,54.84375,52.61798095703125,34.68000030517578,25.388763427734375,0.5365872979164124,0.059591665863990784,0.4174594283103943,0.000946850806940347,15.076616287231445,4.921618938446045,0.03163504973053932,0.05137905105948448,0.00405172910541296,0.015889301896095276,0.019607843831181526,0.012936167418956757,0.4120848774909973,0.017204228788614273
1480,0.7135977745056152,0.004221898037940264,0.6036103367805481,0.0628172904253006,118,11.059322357177734,4.600802898406982,0.008474575355648994,0.01980401575565338,447736.9375,1069960.5,0.5,0.011984878219664097,0.7118726968765259,0.022885004058480263,0.5581479668617249,0.09683553129434586,117,11.7,0.2006861063464837,5.849999904632568,2.960707664489746,11.0,4.769696235656738,0.6414044499397278,0.05354492738842964,0.7135977745056152,0.004221898037940264,10.110638618469238,4.748874187469482,0.04782871901988983,0.08001872897148132,0.04046260565519333,0.072965107858181,0.10000000149011612,0.049370281398296356,0.7135977745056152,0.004221898037940264
1485,0.6126922965049744,0.01969941146671772,0.5111538171768188,0.04068165645003319,193,9.430051803588867,3.0697667598724365,0.005181347019970417,0.013977796770632267,214474.59375,1121250.875,0.5,0.003663762239739299,0.5607692003250122,0.03458213433623314,0.5976923704147339,0.02460736408829689,192,0.384,0.07384615384615385,9.600000381469727,9.511212348937988,1.4253730773925781,1.0504339933395386,0.6515384912490845,0.027268841862678528,0.5065385103225708,0.027320027351379395,8.45714282989502,3.3383593559265137,0.05087507143616676,0.08152393251657486,0.0336492583155632,0.03893975168466568,0.001999999862164259,0.008876213803887367,0.494615375995636,0.007734925951808691
1486,0.8472345471382141,0.05823330581188202,0.7133885622024536,0.09102456271648407,1164,14.596220016479492,4.439157962799072,0.0008591064834035933,0.009128053672611713,131265976.0,1106009216.0,0.5,0.008504727855324745,0.9316113591194153,0.04017438367009163,0.7859790921211243,0.089292973279953,1163,9.85593220338983,0.03374437835485275,40.10344696044922,35.47468185424805,10.858490943908691,14.929319381713867,0.9266782999038696,0.028855182230472565,0.7400563359260559,0.07490948587656021,13.602922439575195,4.647834300994873,0.03601055219769478,0.06042518839240074,0.0064876265823841095,0.016998233273625374,0.008474575355648994,0.04312627390027046,0.7121138572692871,0.0051235053688287735
1487,0.9199293255805969,0.05348225310444832,0.8914911150932312,0.029211997985839844,106,8.415094375610352,2.46834397315979,0.00943396333605051,0.048053935170173645,16179.2939453125,38479.93359375,0.5,0.013341648504137993,0.9313419461250305,0.015641076490283012,0.689060389995575,0.12241194397211075,105,1.4583333333333333,0.04143646408839779,7.0,6.267831802368164,2.0399999618530273,1.3086837530136108,0.8887025117874146,0.030265791341662407,0.9368584752082825,0.0001285668258788064,7.459715843200684,2.7709438800811768,0.0684235617518425,0.07642094790935516,0.048216044902801514,0.06424035131931305,0.013888888992369175,0.018835201859474182,0.9368584752082825,0.0001285668258788064
1489,0.7537019848823547,0.018350854516029358,0.7211292386054993,0.022355137392878532,526,12.414448738098145,3.8036699295043945,0.0019011406693607569,0.009738964028656483,12154036.0,93113680.0,0.5,0.010754464194178581,0.7583244442939758,0.011363955214619637,0.7605367302894592,0.013405104167759418,525,105.0,0.09715025906735751,20.19230842590332,19.758581161499023,104.25,19.293781280517578,0.9045141339302063,0.006950292270630598,0.7183794975280762,0.02604949288070202,11.42721176147461,4.037111282348633,0.03829813376069069,0.05371475964784622,0.012425580061972141,0.029681887477636337,0.20000000298023224,0.09113268554210663,0.7394515872001648,0.009275156073272228
1494,0.7403547167778015,0.10024023056030273,0.6976040601730347,0.043080467730760574,122,9.098361015319824,2.9215917587280273,0.008196720853447914,0.022251466289162636,41635.5078125,131062.375,0.5,0.0,0.8482003211975098,0.057623423635959625,0.7174158096313477,0.03672957420349121,121,2.951219512195122,0.11469194312796209,7.117647171020508,5.52134895324707,3.774193525314331,3.0736477375030518,0.7837335467338562,0.056923508644104004,0.7097424268722534,0.07399160414934158,8.139917373657227,3.181326389312744,0.05841171368956566,0.08035125583410263,0.04432840645313263,0.06251534819602966,0.024390242993831635,0.04518617317080498,0.6625725626945496,0.002981214551255107
1497,0.6992354393005371,0.03068280592560768,0.6836560964584351,0.043203916400671005,33,6.484848499298096,1.9384467601776123,0.03030303120613098,0.08039598166942596,706.3555908203125,558.9500122070312,0.25,0.1773439347743988,0.628341555595398,0.042327459901571274,0.515588641166687,0.03239632397890091,32,1.3333333333333333,0.005865102639296188,3.555555582046509,1.8104634284973145,2.8181817531585693,1.5374122858047485,0.7810816764831543,0.07121313363313675,0.49104851484298706,0.05037352070212364,5.599999904632568,2.213594436645508,0.10658999532461166,0.09645558148622513,0.11221590638160706,0.12659871578216553,0.0416666679084301,0.09109490364789963,0.4735705852508545,0.053121402859687805
1501,0.19149360060691833,0.007605415768921375,0.16616663336753845,0.035198237746953964,254,9.255905151367188,2.141594648361206,0.003937007859349251,0.010322190821170807,40897.15625,73450.84375,0.10000000149011612,0.035564061254262924,0.8868163824081421,0.027017034590244293,0.7928706407546997,0.019543467089533806,253,0.98828125,0.15881983678593847,16.866666793823242,14.730273246765137,1.5333333015441895,0.7369460463523865,0.91456139087677,0.02541658841073513,0.1636953502893448,0.022683458402752876,8.276134490966797,2.5262811183929443,0.07917988300323486,0.08880848437547684,0.02759389765560627,0.030366992577910423,0.00390625,0.00851486437022686,0.15884199738502502,0.027026299387216568
1510,0.8893948793411255,0.02694995515048504,0.8490060567855835,0.040085915476083755,22,4.954545497894287,1.2140947580337524,0.045454543083906174,0.1213475838303566,166.17144775390625,97.39510345458984,0.5,0.06428243964910507,0.9562267065048218,0.027585819363594055,0.9386796951293945,0.03174176812171936,21,0.7,0.03690685413005272,3.0,1.8257418870925903,1.3125,0.7932002544403076,0.915806770324707,0.031123194843530655,0.7737674117088318,0.09893881529569626,4.093023300170898,1.6302783489227295,0.1578153669834137,0.1349892020225525,0.18110795319080353,0.10590905696153641,0.03333333507180214,0.12721365690231323,0.8638103604316711,0.09888707101345062
1590,0.7607182264328003,6.153497088234872e-05,0.6873384714126587,0.019906887784600258,7065,23.024911880493164,7.788683891296387,0.00014154281234368682,0.0011950423941016197,452856553406464.0,1.1663028789444608e+16,0.5,0.04513874650001526,0.8275667428970337,0.0038539087399840355,0.79517662525177,0.003480402287095785,7064,504.57142857142856,0.14462962204659924,135.84616088867188,130.29806518554688,439.76922607421875,763.6109619140625,0.7404491901397705,0.006650989875197411,0.7680486440658569,0.014486968517303467,22.026611328125,7.913461685180664,0.018772820010781288,0.04139364883303642,0.0010414390126243234,0.00804815348237753,0.0714285671710968,0.07093024253845215,0.7607182264328003,6.153497088234872e-05
4534,0.8473109006881714,0.010985124856233597,0.7027472853660583,0.10643496364355087,546,13.981684684753418,3.7714078426361084,0.0018315018387511373,0.01164635457098484,9975912.0,43981440.0,0.5,0.07252376526594162,0.888729453086853,0.014912224374711514,0.5846208333969116,0.012470439076423645,545,18.166666666666668,0.04929895974672094,22.70833396911621,20.050975799560547,17.724138259887695,13.182501792907715,0.9645336866378784,0.018375851213932037,0.6443917155265808,0.12214712053537369,12.995416641235352,4.002404689788818,0.03952937200665474,0.05770514905452728,0.00905301421880722,0.0358084961771965,0.03333332762122154,0.1021704152226448,0.5569425225257874,0.00014072311751078814
4538,0.4417126774787903,0.03741748258471489,0.3101373314857483,0.019856572151184082,2220,14.63558578491211,3.721379518508911,0.00045045046135783195,0.0009790248004719615,96945672.0,818741632.0,0.20000000298023224,0.045561227947473526,0.4424227774143219,0.056809961795806885,0.37271714210510254,0.12455523759126663,2219,69.34375,0.22475438063405245,79.25,81.0206298828125,69.3548355102539,11.957001686096191,0.3912573456764221,0.049775782972574234,0.34213513135910034,0.031564388424158096,13.639107704162598,3.974168539047241,0.03807162865996361,0.05571816489100456,0.003840363584458828,0.010664470493793488,0.03125,0.01711139641702175,0.3338279128074646,0.029180414974689484
23517,0.5152928233146667,0.0029995772056281567,0.49767422676086426,0.006549603305757046,18634,24.31882667541504,7.572809219360352,5.366533878259361e-05,6.992716225795448e-05,4368641017511936.0,1.0435749186057011e+17,0.5,0.003491128794848919,0.5219476222991943,0.0030927162151783705,0.5186876654624939,0.0034389933571219444,18633,887.2857142857143,0.19344892026578073,345.0555419921875,348.9703674316406,889.8499755859375,45.89034652709961,0.5029588341712952,0.004904473200440407,0.5081188678741455,0.006149334367364645,23.31950569152832,7.702615737915039,0.01819615066051483,0.038490571081638336,0.0004887257819063962,0.003669859142974019,0.0476190485060215,0.0025621948298066854,0.5070492029190063,0.004015659913420677
40499,0.17999999225139618,0.0019165363628417253,0.36072731018066406,0.01848633959889412,279,12.516129493713379,3.7816660404205322,0.00358422938734293,0.012865488417446613,3701528.25,20020700.0,0.09090909361839294,0.06529346108436584,0.9949091076850891,0.0029442294035106897,0.77436363697052,0.00632456922903657,278,6.95,0.050545454545454546,11.583333015441895,10.664515495300293,7.051281929016113,4.695735454559326,0.9905454516410828,0.004519111476838589,0.17127272486686707,0.015588842332363129,11.54039478302002,3.9969279766082764,0.039097610861063004,0.06194277107715607,0.016530092805624008,0.05086797475814819,0.02499999850988388,0.03828200697898865,0.17454543709754944,0.0066390628926455975
40668,0.6583033800125122,5.7166136684827507e-05,0.3834370970726013,0.20182766020298004,18317,18.144128799438477,3.9055895805358887,5.4594100220128894e-05,0.00018814500072039664,11822908416.0,133197291520.0,0.3333333432674408,0.08593597263097763,0.6460171937942505,0.013220562599599361,0.5495593547821045,0.07884911447763443,18316,436.0952380952381,0.27111920304335596,555.0302734375,632.3355102539062,442.6097412109375,376.75341796875,0.5025230646133423,0.04879552498459816,0.6583625674247742,0.00023304145724978298,17.144651412963867,4.152551174163818,0.032937776297330856,0.04984665289521217,0.0006129919784143567,0.0021748808212578297,0.02380952425301075,0.020124873146414757,0.6578445434570312,0.0011178533313795924
40670,0.6233835816383362,0.014406033791601658,0.5523045659065247,0.0382770337164402,188,9.58510684967041,2.652451515197754,0.005319148767739534,0.019854605197906494,50100.92578125,101804.8828125,0.3333333432674408,0.05247749015688896,0.9475722312927246,0.012555056251585484,0.9369049072265625,0.02046062797307968,187,1.038888888888889,0.05869428750784683,11.6875,8.761421203613281,1.6846846342086792,1.0355674028396606,0.7577401399612427,0.026766063645482063,0.5191491842269897,0.001051335595548153,8.613333702087402,2.9564273357391357,0.0641951858997345,0.07028882205486298,0.031634554266929626,0.047763641923666,0.0055555556900799274,0.026789018884301186,0.5191491842269897,0.001051335595548153
40701,0.8700048327445984,0.011644992977380753,0.7896142601966858,0.015387442894279957,278,12.406475067138672,4.331510066986084,0.003597122384235263,0.010434349998831749,2027919.875,6205260.5,0.5,0.005087103694677353,0.8564028739929199,0.01172530185431242,0.8728044629096985,0.011541374027729034,277,13.85,0.0554,12.590909004211426,7.372142314910889,14.0,6.4031243324279785,0.8051959276199341,0.015861716121435165,0.8586007952690125,0.0007817515288479626,11.430630683898926,4.521125793457031,0.04591292887926102,0.07637826353311539,0.020993011072278023,0.04349582642316818,0.05000000074505806,0.04134209454059601,0.8586007952690125,0.0007817515288479626
40975,0.700258731842041,0.0046030068770051,0.4920137822628021,0.04631621390581131,82,9.134146690368652,2.0832202434539795,0.012195121496915817,0.043976571410894394,8758.48828125,8458.3232421875,0.25,0.16824555397033691,0.7904872894287109,0.07551874220371246,0.6803869605064392,0.039591312408447266,81,13.5,0.046875,6.75,5.207075595855713,14.600000381469727,6.107372760772705,0.6948226690292358,0.10465188324451447,0.700258731842041,0.0046030068770051,8.196318626403809,2.3904616832733154,0.08059078454971313,0.11303512006998062,0.034685831516981125,0.07823672145605087,0.1666666567325592,0.09677711874246597,0.700258731842041,0.0046030068770051
40979,0.19750000536441803,0.002635236829519272,0.18850001692771912,0.014729032292962074,155,7.948387145996094,1.4893280267715454,0.006451612804085016,0.018402496352791786,7292.18701171875,8249.3994140625,0.10000000149011612,0.021983923390507698,0.9564999341964722,0.014151963405311108,0.9265000224113464,0.01811230555176735,154,0.6416666666666667,0.077,12.833333015441895,12.021445274353027,1.375,0.6313862800598145,0.9770000576972961,0.007527719717472792,0.1744999885559082,0.01832575537264347,6.977346420288086,1.9909220933914185,0.09396354109048843,0.10288507491350174,0.04307270795106888,0.034202687442302704,0.004166666883975267,0.013571718707680702,0.16249999403953552,0.012076147831976414
40982,0.490499347448349,0.06557977944612503,0.3981974720954895,0.0684598907828331,302,11.814569473266602,3.068225145339966,0.0033112582750618458,0.00998105388134718,582071.75,2014736.625,0.1428571492433548,0.14032116532325745,0.6359020471572876,0.10416987538337708,0.41710925102233887,0.12148676067590714,301,11.148148148148149,0.15507470376094795,15.050000190734863,13.937738418579102,11.076923370361328,6.085543632507324,0.32250529527664185,0.07473157346248627,0.4548928141593933,0.08110391348600388,10.835821151733398,3.3382773399353027,0.047738704830408096,0.07933545857667923,0.01676212064921856,0.048986341804265976,0.03703703731298447,0.03897248953580856,0.3403518497943878,0.07163932174444199
40983,0.9460636973381042,0.0006109279929660261,0.9098907709121704,0.01859402097761631,77,7.1298699378967285,1.852101445198059,0.012987012974917889,0.04448859393596649,3179.49169921875,5756.98681640625,0.5,0.0275496244430542,0.9377714395523071,0.04239983484148979,0.8886251449584961,0.041689738631248474,76,15.2,0.015705724323207274,6.333333492279053,5.382350444793701,16.75,7.274384498596191,0.9782932996749878,0.014159973710775375,0.9460636973381042,0.0006109279929660261,6.183006763458252,2.237355947494507,0.10610651969909668,0.10403405129909515,0.07295048981904984,0.057771846652030945,0.20000000298023224,0.24789555370807648,0.9460636973381042,0.0006109279929660261
40984,0.2852814197540283,0.0013689580373466015,0.6437228918075562,0.020916052162647247,161,11.44720458984375,3.2285845279693604,0.006211180239915848,0.02049083448946476,223350.03125,465014.90625,0.1428571343421936,0.1164768785238266,0.8367964625358582,0.014437224715948105,0.7125540971755981,0.024590371176600456,160,10.0,0.06926406926406926,8.88888931274414,6.5159430503845215,10.466666221618652,6.588590145111084,0.9329004287719727,0.01710428297519684,0.25367966294288635,0.043920379132032394,10.485980987548828,3.456057548522949,0.053652867674827576,0.09932828694581985,0.018403520807623863,0.057224471122026443,0.0624999962747097,0.10239313542842865,0.18571427464485168,0.053154587745666504
40994,0.9149290919303894,0.008286985568702221,0.8795629739761353,0.03172968700528145,25,5.28000020980835,1.5143755674362183,0.03999999910593033,0.10733021795749664,256.76190185546875,214.7627716064453,0.5,0.028284266591072083,0.9538282155990601,0.024873211979866028,0.9500546455383301,0.017169177532196045,24,1.3333333333333333,0.044444444444444446,3.0,1.6903085708618164,1.4666666984558105,0.6399404406547546,0.8886550664901733,0.030936310067772865,0.9149290919303894,0.008286985568702221,4.408163070678711,1.8699194192886353,0.13252581655979156,0.13193920254707336,0.16593749821186066,0.10372497141361237,0.0555555522441864,0.06989564001560211,0.9149290919303894,0.008286985568702221
41027,0.615942120552063,0.04440055787563324,0.5312895178794861,0.05442136526107788,10596,16.742828369140625,3.107362985610962,9.437523840460926e-05,0.0008446798892691731,524270592.0,2046740864.0,0.3333333432674408,0.110099658370018,0.6537854075431824,0.06854686886072159,0.6669707298278809,0.07372482120990753,10595,1765.8333333333333,0.236395278788014,392.40740966796875,454.04779052734375,2057.39990234375,1482.9913330078125,0.7080765962600708,0.09271412342786789,0.5312911868095398,0.07235870510339737,15.743664741516113,3.4118826389312744,0.040866557508707047,0.04265492036938667,0.0009292944450862706,0.004446466453373432,0.1666666716337204,0.05427141115069389,0.5094413757324219,0.11907342076301575
